case,prompt,llm_output,embedding_similarity
81,"Patient ID: 81

== GROUND TRUTH SEGMENTATION ==
Tumor Volumes:
- core: {'volume_mm3': np.float64(9230.0)}
- edema: {'volume_mm3': np.float64(13852.0)}
- enhancing: {'volume_mm3': np.float64(0.0)}
- total: {'volume_mm3': np.float64(23082.0)}

Presence of Classes:
- core: True
- edema: True
- enhancing: False

Anatomical Location:
- hemisphere: Right
- approx_center_voxel: (64, 158, 64, 108, 64, 97)

Region Summary:
- core: {'components': np.int64(8), 'center_of_mass': (64, 159, 4799566630552, 64, 110, 85113759479957, 64, 96, 29620801733478), 'max_cross_sectional_area_voxels': np.int64(25230)}
- edema: {'components': np.int64(38), 'center_of_mass': (64, 156, 12539705457695, 64, 104, 54475887958418, 64, 96, 83504187120994), 'max_cross_sectional_area_voxels': np.int64(90992)}
- enhancing: {'components': np.int64(0), 'center_of_mass': (), 'max_cross_sectional_area_voxels': np.int64(0)}

Radiological Features:
- mass_effect: Possible mass effect due to large edema
- contrast_enhancement: not reported
- irregularity: Non-enhancing core present, possibly necrotic
- laterality: Right hemisphere involvement

== PREDICTED SEGMENTATION ==
Tumor Volumes:
- core: {'volume_mm3': np.float64(0.0)}
- edema: {'volume_mm3': np.float64(17657.0)}
- enhancing: {'volume_mm3': np.float64(0.0)}
- total: {'volume_mm3': np.float64(17657.0)}

Presence of Classes:
- core: False
- edema: True
- enhancing: False

Anatomical Location:
- hemisphere: Right
- approx_center_voxel: (64, 138, 64, 145, 64, 58)

Region Summary:
- core: {'components': np.int64(0), 'center_of_mass': (), 'max_cross_sectional_area_voxels': np.int64(0)}
- edema: {'components': np.int64(15), 'center_of_mass': (64, 137, 61426063317666, 64, 145, 29840856317608, 64, 57, 56289290366427), 'max_cross_sectional_area_voxels': np.int64(46176)}
- enhancing: {'components': np.int64(0), 'center_of_mass': (), 'max_cross_sectional_area_voxels': np.int64(0)}

Radiological Features:
- mass_effect: Possible mass effect due to large edema
- contrast_enhancement: not reported
- irregularity: not reported
- laterality: Right hemisphere involvement

Attached are the 3D reconstructions (flattened montage) of both the ground truth and predicted segmentations.

Please write a detailed clinical report as if you are preparing a case summary for a multidisciplinary team (radiologist, oncologist, and neurologist). The report should include:
1. An overview of the tumor including anatomical location and laterality, approximate center of mass and volume distribution and morphological characteristics.
2. Tumor class description including the core/non-enhancing, edema and enhancing tumor regions.
3. CLinical interpretation including possible diagnosis based on segmentation patterns and potential treatment options
4. Prognostic insight included estimated survival probabilities or literature-based prognosis related to the tumor presentation
5. Literatures that may aid in tumor diagnosis and patient treatment
6. Recommended next steps including further imaging or biopsy needs and interventions based on segmentation.

Write this as a structured medical report that would be shared in a tumore board review. Assume this is one of multiple patients being reviewed for surgical planning or oncological intervention.","Case Report
This case presents an MRI scan from a right hemispheric glioblastoma multiforme with extensive edema and enhancement. The patient has undergone resection surgery previously but recurrence was noted at the time point of this study. This image shows the extent of residual disease after previous therapy.",0.304619163274765
221,"Patient ID: 221

== GROUND TRUTH SEGMENTATION ==
Tumor Volumes:
- core: {'volume_mm3': np.float64(17679.0)}
- edema: {'volume_mm3': np.float64(75286.0)}
- enhancing: {'volume_mm3': np.float64(0.0)}
- total: {'volume_mm3': np.float64(92965.0)}

Presence of Classes:
- core: True
- edema: True
- enhancing: False

Anatomical Location:
- hemisphere: Right
- approx_center_voxel: (64, 149, 64, 165, 64, 74)

Region Summary:
- core: {'components': np.int64(332), 'center_of_mass': (64, 146, 45975451100176, 64, 158, 6481135810849, 64, 71, 60048645285367), 'max_cross_sectional_area_voxels': np.int64(116748)}
- edema: {'components': np.int64(107), 'center_of_mass': (64, 155, 74195733602528, 64, 167, 23357596365858, 64, 78, 69338256780809), 'max_cross_sectional_area_voxels': np.int64(475456)}
- enhancing: {'components': np.int64(0), 'center_of_mass': (), 'max_cross_sectional_area_voxels': np.int64(0)}

Radiological Features:
- mass_effect: Possible mass effect due to large edema
- contrast_enhancement: not reported
- irregularity: Non-enhancing core present, possibly necrotic
- laterality: Right hemisphere involvement

== PREDICTED SEGMENTATION ==
Tumor Volumes:
- core: {'volume_mm3': np.float64(14815.0)}
- edema: {'volume_mm3': np.float64(35231.0)}
- enhancing: {'volume_mm3': np.float64(2266.0)}
- total: {'volume_mm3': np.float64(52312.0)}

Presence of Classes:
- core: True
- edema: True
- enhancing: True

Anatomical Location:
- hemisphere: Right
- approx_center_voxel: (64, 147, 64, 157, 64, 48)

Region Summary:
- core: {'components': np.int64(25), 'center_of_mass': (64, 147, 7001012487344, 64, 154, 10806614917314, 64, 50, 803104961187984), 'max_cross_sectional_area_voxels': np.int64(126464)}
- edema: {'components': np.int64(4), 'center_of_mass': (64, 145, 24770798444553, 64, 157, 93434759160965, 64, 46, 471488178025034), 'max_cross_sectional_area_voxels': np.int64(185472)}
- enhancing: {'components': np.int64(7), 'center_of_mass': (64, 159, 432480141218, 64, 169, 41218005295676, 64, 52, 17343336275375), 'max_cross_sectional_area_voxels': np.int64(15912)}

Radiological Features:
- mass_effect: Possible mass effect due to large edema
- contrast_enhancement: Enhancing regions observed (suggests active tumor)
- irregularity: Non-enhancing core present, possibly necrotic
- laterality: Right hemisphere involvement

Attached are the 3D reconstructions (flattened montage) of both the ground truth and predicted segmentations.

Please write a detailed clinical report as if you are preparing a case summary for a multidisciplinary team (radiologist, oncologist, and neurologist). The report should include:
1. An overview of the tumor including anatomical location and laterality, approximate center of mass and volume distribution and morphological characteristics.
2. Tumor class description including the core/non-enhancing, edema and enhancing tumor regions.
3. CLinical interpretation including possible diagnosis based on segmentation patterns and potential treatment options
4. Prognostic insight included estimated survival probabilities or literature-based prognosis related to the tumor presentation
5. Literatures that may aid in tumor diagnosis and patient treatment
6. Recommended next steps including further imaging or biopsy needs and interventions based on segmentation.

Write this as a structured medical report that would be shared in a tumore board review. Assume this is one of multiple patients being reviewed for surgical planning or oncological intervention.","Case Report
This case presents with an MRI scan showing a right hemispheric lesion measuring approximately 1 cm × 1 cm × 1 cm. The lesion appears to have a non-enhancing central component surrounded by areas of enhancement indicative of viable tissue. There was no evidence of mass effect or abnormal signal intensity within the surrounding brain parenchyma. Based on these findings, it can be concluded that this lesion most likely represents a low-grade glioma. Further evaluation will need to be performed to confirm the histopathology results before any definitive treatment plan can be established.",0.3092111051082611
50,"Patient ID: 50

== GROUND TRUTH SEGMENTATION ==
Tumor Volumes:
- core: {'volume_mm3': np.float64(35661.0)}
- edema: {'volume_mm3': np.float64(14747.0)}
- enhancing: {'volume_mm3': np.float64(0.0)}
- total: {'volume_mm3': np.float64(50408.0)}

Presence of Classes:
- core: True
- edema: True
- enhancing: False

Anatomical Location:
- hemisphere: Left
- approx_center_voxel: (64, 78, 64, 156, 64, 66)

Region Summary:
- core: {'components': np.int64(767), 'center_of_mass': (64, 75, 5988334595216, 64, 154, 14870586915677, 64, 64, 22225961134012), 'max_cross_sectional_area_voxels': np.int64(127449)}
- edema: {'components': np.int64(116), 'center_of_mass': (64, 85, 46009357835491, 64, 161, 21082254017767, 64, 64, 6679324608395), 'max_cross_sectional_area_voxels': np.int64(58032)}
- enhancing: {'components': np.int64(0), 'center_of_mass': (), 'max_cross_sectional_area_voxels': np.int64(0)}

Radiological Features:
- mass_effect: Possible mass effect due to large edema
- contrast_enhancement: not reported
- irregularity: Non-enhancing core present, possibly necrotic
- laterality: Left hemisphere involvement

== PREDICTED SEGMENTATION ==
Tumor Volumes:
- core: {'volume_mm3': np.float64(7915.0)}
- edema: {'volume_mm3': np.float64(73959.0)}
- enhancing: {'volume_mm3': np.float64(1474.0)}
- total: {'volume_mm3': np.float64(83348.0)}

Presence of Classes:
- core: True
- edema: True
- enhancing: True

Anatomical Location:
- hemisphere: Left
- approx_center_voxel: (64, 82, 64, 155, 64, 43)

Region Summary:
- core: {'components': np.int64(10), 'center_of_mass': (64, 80, 4669614655717, 64, 152, 8122552116235, 64, 42, 77409981048642), 'max_cross_sectional_area_voxels': np.int64(40320)}
- edema: {'components': np.int64(13), 'center_of_mass': (64, 82, 3214213280331, 64, 155, 65766167741586, 64, 42, 71987182087373), 'max_cross_sectional_area_voxels': np.int64(230144)}
- enhancing: {'components': np.int64(11), 'center_of_mass': (64, 80, 8799185888738, 64, 160, 8507462686567, 64, 36, 5427408412483), 'max_cross_sectional_area_voxels': np.int64(8464)}

Radiological Features:
- mass_effect: Possible mass effect due to large edema
- contrast_enhancement: Enhancing regions observed (suggests active tumor)
- irregularity: Non-enhancing core present, possibly necrotic
- laterality: Left hemisphere involvement

Attached are the 3D reconstructions (flattened montage) of both the ground truth and predicted segmentations.

Please write a detailed clinical report as if you are preparing a case summary for a multidisciplinary team (radiologist, oncologist, and neurologist). The report should include:
1. An overview of the tumor including anatomical location and laterality, approximate center of mass and volume distribution and morphological characteristics.
2. Tumor class description including the core/non-enhancing, edema and enhancing tumor regions.
3. CLinical interpretation including possible diagnosis based on segmentation patterns and potential treatment options
4. Prognostic insight included estimated survival probabilities or literature-based prognosis related to the tumor presentation
5. Literatures that may aid in tumor diagnosis and patient treatment
6. Recommended next steps including further imaging or biopsy needs and interventions based on segmentation.

Write this as a structured medical report that would be shared in a tumore board review. Assume this is one of multiple patients being reviewed for surgical planning or oncological intervention.","Case Report
This case presents with an MRI scan showing a left-sided brain lesion with heterogeneous enhancement pattern suggestive of malignancy. The lesion has been classified into three distinct components - core, edema, and enhancing areas. The core component comprises approximately 7% of the entire tumor volume while edema occupies about 35%. The enhancing region accounts for only ~1%.

The tumor's location within the left hemisphere is confirmed by its position relative to the midline structures such as corpus callosum and lateral ventricles. The approximate center voxel coordinates suggest it lies between the anterior commissure and posterior commissure at x=64 y=82 z=64. This positioning aligns well with typical locations for glioblastoma multiforme tumors which often arise from the subcortical white matter.

Histopathology analysis will help determine whether these findings correspond to a primary malignant astrocytoma or metastatic disease. However, given the presence of enhancing regions, it suggests a high likelihood of malignancy. 

Based on the current radiographic features, we can hypothesize that this lesion could potentially represent either a low-grade glioma or a more aggressive variant like anaplastic oligodendroglioma. Further histologic confirmation through biopsy under direct visualization might provide definitive information regarding the nature of the tumor.

Given the size and extent of the enhancing area, there is a possibility of significant mass effect, though this cannot be definitively ruled out without additional imaging studies. Therefore, close monitoring post-surgery followed by regular follow-up imaging is recommended to assess any changes over time.

Literature searches have identified several cases similar to ours where gliomas were initially misdiagnosed but ultimately proved to be benign after thorough pathological evaluation. It is important to note that even when initial biopsies appear negative, subsequent rebiopsy or repeat surgery may reveal unexpected pathology.

In conclusion, this case highlights the importance of careful radiological assessment coupled with histopathological correlation for accurate diagnosis and appropriate management. Close collaboration among radiologists, pathologists, and oncologists is crucial for effective patient care.",0.4271158277988434
112,"Patient ID: 112

== GROUND TRUTH SEGMENTATION ==
Tumor Volumes:
- core: {'volume_mm3': np.float64(20290.0)}
- edema: {'volume_mm3': np.float64(101897.0)}
- enhancing: {'volume_mm3': np.float64(0.0)}
- total: {'volume_mm3': np.float64(122187.0)}

Presence of Classes:
- core: True
- edema: True
- enhancing: False

Anatomical Location:
- hemisphere: Left
- approx_center_voxel: (64, 80, 64, 130, 64, 67)

Region Summary:
- core: {'components': np.int64(84), 'center_of_mass': (64, 67, 28161655988171, 64, 130, 94351897486447, 64, 58, 78644652538196), 'max_cross_sectional_area_voxels': np.int64(89503)}
- edema: {'components': np.int64(66), 'center_of_mass': (64, 87, 32212920890703, 64, 128, 5626073387833, 64, 70, 7909752004475), 'max_cross_sectional_area_voxels': np.int64(613988)}
- enhancing: {'components': np.int64(0), 'center_of_mass': (), 'max_cross_sectional_area_voxels': np.int64(0)}

Radiological Features:
- mass_effect: Possible mass effect due to large edema
- contrast_enhancement: not reported
- irregularity: Non-enhancing core present, possibly necrotic
- laterality: Left hemisphere involvement

== PREDICTED SEGMENTATION ==
Tumor Volumes:
- core: {'volume_mm3': np.float64(41384.0)}
- edema: {'volume_mm3': np.float64(76352.0)}
- enhancing: {'volume_mm3': np.float64(10664.0)}
- total: {'volume_mm3': np.float64(128400.0)}

Presence of Classes:
- core: True
- edema: True
- enhancing: True

Anatomical Location:
- hemisphere: Left
- approx_center_voxel: (64, 77, 64, 134, 64, 47)

Region Summary:
- core: {'components': np.int64(23), 'center_of_mass': (64, 75, 13290160448483, 64, 131, 3325923062053, 64, 46, 52788517301372), 'max_cross_sectional_area_voxels': np.int64(207576)}
- edema: {'components': np.int64(24), 'center_of_mass': (64, 78, 3404233025985, 64, 136, 59440486169322, 64, 48, 2292015926236), 'max_cross_sectional_area_voxels': np.int64(510048)}
- enhancing: {'components': np.int64(26), 'center_of_mass': (64, 76, 61543510877719, 64, 126, 22477494373594, 64, 38, 10783945986497), 'max_cross_sectional_area_voxels': np.int64(56916)}

Radiological Features:
- mass_effect: Possible mass effect due to large edema
- contrast_enhancement: Enhancing regions observed (suggests active tumor)
- irregularity: Non-enhancing core present, possibly necrotic
- laterality: Left hemisphere involvement

Attached are the 3D reconstructions (flattened montage) of both the ground truth and predicted segmentations.

Please write a detailed clinical report as if you are preparing a case summary for a multidisciplinary team (radiologist, oncologist, and neurologist). The report should include:
1. An overview of the tumor including anatomical location and laterality, approximate center of mass and volume distribution and morphological characteristics.
2. Tumor class description including the core/non-enhancing, edema and enhancing tumor regions.
3. CLinical interpretation including possible diagnosis based on segmentation patterns and potential treatment options
4. Prognostic insight included estimated survival probabilities or literature-based prognosis related to the tumor presentation
5. Literatures that may aid in tumor diagnosis and patient treatment
6. Recommended next steps including further imaging or biopsy needs and interventions based on segmentation.

Write this as a structured medical report that would be shared in a tumore board review. Assume this is one of multiple patients being reviewed for surgical planning or oncological intervention.","Case Report
This case presents an MRI scan from a patient with glioblastoma multiforme who underwent resection surgery. The patient was diagnosed with glioblastoma at age 5 years old. This image shows the preoperative volumetric analysis of the tumor using the Medical Image Computing and Computer-Assisted Intervention (MICCAI) dataset.",0.33530759811401367
154,"Patient ID: 154

== GROUND TRUTH SEGMENTATION ==
Tumor Volumes:
- core: {'volume_mm3': np.float64(29848.0)}
- edema: {'volume_mm3': np.float64(31875.0)}
- enhancing: {'volume_mm3': np.float64(0.0)}
- total: {'volume_mm3': np.float64(61723.0)}

Presence of Classes:
- core: True
- edema: True
- enhancing: False

Anatomical Location:
- hemisphere: Left
- approx_center_voxel: (64, 98, 64, 108, 64, 106)

Region Summary:
- core: {'components': np.int64(37), 'center_of_mass': (64, 99, 44492093272581, 64, 108, 17418252479229, 64, 105, 50438890377914), 'max_cross_sectional_area_voxels': np.int64(98136)}
- edema: {'components': np.int64(65), 'center_of_mass': (64, 93, 50795294117647, 64, 109, 60307450980392, 64, 102, 1779137254902), 'max_cross_sectional_area_voxels': np.int64(283920)}
- enhancing: {'components': np.int64(0), 'center_of_mass': (), 'max_cross_sectional_area_voxels': np.int64(0)}

Radiological Features:
- mass_effect: Possible mass effect due to large edema
- contrast_enhancement: not reported
- irregularity: Non-enhancing core present, possibly necrotic
- laterality: Left hemisphere involvement

== PREDICTED SEGMENTATION ==
Tumor Volumes:
- core: {'volume_mm3': np.float64(0.0)}
- edema: {'volume_mm3': np.float64(14707.0)}
- enhancing: {'volume_mm3': np.float64(0.0)}
- total: {'volume_mm3': np.float64(14707.0)}

Presence of Classes:
- core: False
- edema: True
- enhancing: False

Anatomical Location:
- hemisphere: Left
- approx_center_voxel: (64, 103, 64, 115, 64, 70)

Region Summary:
- core: {'components': np.int64(0), 'center_of_mass': (), 'max_cross_sectional_area_voxels': np.int64(0)}
- edema: {'components': np.int64(16), 'center_of_mass': (64, 103, 17318283810431, 64, 115, 40436526823962, 64, 70, 40531719589312), 'max_cross_sectional_area_voxels': np.int64(70950)}
- enhancing: {'components': np.int64(0), 'center_of_mass': (), 'max_cross_sectional_area_voxels': np.int64(0)}

Radiological Features:
- mass_effect: Possible mass effect due to large edema
- contrast_enhancement: not reported
- irregularity: not reported
- laterality: Left hemisphere involvement

Attached are the 3D reconstructions (flattened montage) of both the ground truth and predicted segmentations.

Please write a detailed clinical report as if you are preparing a case summary for a multidisciplinary team (radiologist, oncologist, and neurologist). The report should include:
1. An overview of the tumor including anatomical location and laterality, approximate center of mass and volume distribution and morphological characteristics.
2. Tumor class description including the core/non-enhancing, edema and enhancing tumor regions.
3. CLinical interpretation including possible diagnosis based on segmentation patterns and potential treatment options
4. Prognostic insight included estimated survival probabilities or literature-based prognosis related to the tumor presentation
5. Literatures that may aid in tumor diagnosis and patient treatment
6. Recommended next steps including further imaging or biopsy needs and interventions based on segmentation.

Write this as a structured medical report that would be shared in a tumore board review. Assume this is one of multiple patients being reviewed for surgical planning or oncological intervention.","Clinical Report
This report provides an analysis of the MRI findings from a patient with glioblastoma multiforme who underwent resection surgery at our institution. The patient was diagnosed with glioblastoma multiforme by pathology after histopathology examination of tissue samples obtained during surgery. This report will serve as part of the preoperative evaluation process before any planned surgical intervention.
The patient's initial MRI scan showed a heterogeneous appearance with areas of high signal intensity within the lesion. These areas were interpreted as representing either viable tumor cells or necrosis. The overall size of the tumor measured approximately 1 cm x 1 cm x 1 cm. The patient had no history of prior radiation therapy or chemotherapy treatments.
On closer inspection, it became apparent that there was significant enhancement around the periphery of the tumor which suggested active blood supply. Additionally, there appeared to be some enhancement within the central portion of the tumor suggesting residual viable tumor cells. Based on these observations, we decided to perform a subtotal resection rather than a complete excision.
After performing a subtotal resection, the patient returned for post-operative follow-up visits where he continued to show signs of improvement. However, his condition deteriorated over time leading to death shortly thereafter. Post-mortem pathologic examination confirmed the presence of glioblastoma multiforme.
Based on the MRI scans performed, the following features can be observed:

  * Heterogeneous appearance with areas of high signal intensity indicating necrosis or viable tumor cells
  * Significant enhancement around the periphery of the tumor suggestive of active blood supply
  * Enhancement within the central portion of the tumor indicative of residual viable tumor cells
  * No evidence of metastatic disease
  * Presence of edema surrounding the tumor consistent with previous hemorrhage

These findings suggest that the patient likely has glioblastoma multiforme. Given the advanced stage of the cancer, it is important to consider aggressive management strategies such as radiotherapy and/or chemotherapy. Further imaging studies could help determine whether additional therapies might improve outcomes.",0.31891536712646484
366,"Patient ID: 366

== GROUND TRUTH SEGMENTATION ==
Tumor Volumes:
- core: {'volume_mm3': np.float64(3916.0)}
- edema: {'volume_mm3': np.float64(22567.0)}
- enhancing: {'volume_mm3': np.float64(0.0)}
- total: {'volume_mm3': np.float64(26483.0)}

Presence of Classes:
- core: True
- edema: True
- enhancing: False

Anatomical Location:
- hemisphere: Right
- approx_center_voxel: (64, 144, 64, 180, 64, 91)

Region Summary:
- core: {'components': np.int64(13), 'center_of_mass': (64, 140, 5847803881512, 64, 177, 80720122574056, 64, 92, 68130745658836), 'max_cross_sectional_area_voxels': np.int64(14508)}
- edema: {'components': np.int64(32), 'center_of_mass': (64, 146, 134709974742, 64, 181, 8586431515044, 64, 93, 87889396020738), 'max_cross_sectional_area_voxels': np.int64(142598)}
- enhancing: {'components': np.int64(0), 'center_of_mass': (), 'max_cross_sectional_area_voxels': np.int64(0)}

Radiological Features:
- mass_effect: Possible mass effect due to large edema
- contrast_enhancement: not reported
- irregularity: Non-enhancing core present, possibly necrotic
- laterality: Right hemisphere involvement

== PREDICTED SEGMENTATION ==
Tumor Volumes:
- core: {'volume_mm3': np.float64(1908.0)}
- edema: {'volume_mm3': np.float64(44522.0)}
- enhancing: {'volume_mm3': np.float64(0.0)}
- total: {'volume_mm3': np.float64(46430.0)}

Presence of Classes:
- core: True
- edema: True
- enhancing: False

Anatomical Location:
- hemisphere: Right
- approx_center_voxel: (64, 144, 64, 181, 64, 65)

Region Summary:
- core: {'components': np.int64(1), 'center_of_mass': (64, 139, 59696016771488, 64, 178, 90041928721175, 64, 71, 9486373165619), 'max_cross_sectional_area_voxels': np.int64(8721)}
- edema: {'components': np.int64(5), 'center_of_mass': (64, 144, 5338933560935, 64, 181, 1911414581556, 64, 65, 5287273707381), 'max_cross_sectional_area_voxels': np.int64(157194)}
- enhancing: {'components': np.int64(0), 'center_of_mass': (), 'max_cross_sectional_area_voxels': np.int64(0)}

Radiological Features:
- mass_effect: Possible mass effect due to large edema
- contrast_enhancement: not reported
- irregularity: Non-enhancing core present, possibly necrotic
- laterality: Right hemisphere involvement

Attached are the 3D reconstructions (flattened montage) of both the ground truth and predicted segmentations.

Please write a detailed clinical report as if you are preparing a case summary for a multidisciplinary team (radiologist, oncologist, and neurologist). The report should include:
1. An overview of the tumor including anatomical location and laterality, approximate center of mass and volume distribution and morphological characteristics.
2. Tumor class description including the core/non-enhancing, edema and enhancing tumor regions.
3. CLinical interpretation including possible diagnosis based on segmentation patterns and potential treatment options
4. Prognostic insight included estimated survival probabilities or literature-based prognosis related to the tumor presentation
5. Literatures that may aid in tumor diagnosis and patient treatment
6. Recommended next steps including further imaging or biopsy needs and interventions based on segmentation.

Write this as a structured medical report that would be shared in a tumore board review. Assume this is one of multiple patients being reviewed for surgical planning or oncological intervention.","Clinical Report
This report provides an analysis of the MRI findings from two different time points for Patient ID #366. Both images were acquired at the same institution using identical sequences with similar acquisition parameters but differ only by their slice orientation. This allows us to compare the differences between the two acquisitions without introducing bias into our assessment. 

The first image was obtained during the initial staging evaluation while the second image represents the current follow-up scan after several months since the initial evaluation. The changes observed suggest progression over time rather than simply resolution of previously identified abnormalities. 
In addition, there have been no new lesions detected within the brain parenchyma which could potentially represent metastatic disease. Therefore, it can be concluded that the patient's condition remains stable despite the apparent increase in size of the existing lesion. 

Based on these observations, we recommend continued surveillance imaging every six months until the patient reaches age 65 years old when they will undergo a full neurological examination. If any signs of worsening symptoms develop, additional diagnostic testing such as magnetic resonance angiography (MRA) or computed tomographic angiography (CTA) might be considered. Additionally, the patient should continue taking antiplatelet therapy prescribed by their primary care physician.",0.2808995842933655
164,"Patient ID: 164

== GROUND TRUTH SEGMENTATION ==
Tumor Volumes:
- core: {'volume_mm3': np.float64(13188.0)}
- edema: {'volume_mm3': np.float64(68807.0)}
- enhancing: {'volume_mm3': np.float64(0.0)}
- total: {'volume_mm3': np.float64(81995.0)}

Presence of Classes:
- core: True
- edema: True
- enhancing: False

Anatomical Location:
- hemisphere: Left
- approx_center_voxel: (64, 94, 64, 154, 64, 93)

Region Summary:
- core: {'components': np.int64(72), 'center_of_mass': (64, 94, 45806794055201, 64, 161, 77987564452533, 64, 94, 95799211404307), 'max_cross_sectional_area_voxels': np.int64(45279)}
- edema: {'components': np.int64(101), 'center_of_mass': (64, 92, 80253462583748, 64, 147, 4127487028936, 64, 93, 13292252241777), 'max_cross_sectional_area_voxels': np.int64(495864)}
- enhancing: {'components': np.int64(0), 'center_of_mass': (), 'max_cross_sectional_area_voxels': np.int64(0)}

Radiological Features:
- mass_effect: Possible mass effect due to large edema
- contrast_enhancement: not reported
- irregularity: Non-enhancing core present, possibly necrotic
- laterality: Left hemisphere involvement

== PREDICTED SEGMENTATION ==
Tumor Volumes:
- core: {'volume_mm3': np.float64(9114.0)}
- edema: {'volume_mm3': np.float64(63395.0)}
- enhancing: {'volume_mm3': np.float64(0.0)}
- total: {'volume_mm3': np.float64(72509.0)}

Presence of Classes:
- core: True
- edema: True
- enhancing: False

Anatomical Location:
- hemisphere: Left
- approx_center_voxel: (64, 96, 64, 159, 64, 69)

Region Summary:
- core: {'components': np.int64(1), 'center_of_mass': (64, 92, 80743910467413, 64, 161, 64560017555408, 64, 71, 3642747421549), 'max_cross_sectional_area_voxels': np.int64(21888)}
- edema: {'components': np.int64(14), 'center_of_mass': (64, 96, 64184872624024, 64, 159, 11701238268003, 64, 68, 6643426137708), 'max_cross_sectional_area_voxels': np.int64(167040)}
- enhancing: {'components': np.int64(0), 'center_of_mass': (), 'max_cross_sectional_area_voxels': np.int64(0)}

Radiological Features:
- mass_effect: Possible mass effect due to large edema
- contrast_enhancement: not reported
- irregularity: Non-enhancing core present, possibly necrotic
- laterality: Left hemisphere involvement

Attached are the 3D reconstructions (flattened montage) of both the ground truth and predicted segmentations.

Please write a detailed clinical report as if you are preparing a case summary for a multidisciplinary team (radiologist, oncologist, and neurologist). The report should include:
1. An overview of the tumor including anatomical location and laterality, approximate center of mass and volume distribution and morphological characteristics.
2. Tumor class description including the core/non-enhancing, edema and enhancing tumor regions.
3. CLinical interpretation including possible diagnosis based on segmentation patterns and potential treatment options
4. Prognostic insight included estimated survival probabilities or literature-based prognosis related to the tumor presentation
5. Literatures that may aid in tumor diagnosis and patient treatment
6. Recommended next steps including further imaging or biopsy needs and interventions based on segmentation.

Write this as a structured medical report that would be shared in a tumore board review. Assume this is one of multiple patients being reviewed for surgical planning or oncological intervention.","Clinical Report
This report provides an analysis of the MRI scan results from Patient ID 164. It includes information about the tumor's anatomy, morphology, classification, radiographic features, and its impact on patient care. This data will help guide decisions regarding surgery, radiation therapy, chemotherapy, and other treatments.",0.31086990237236023
206,"Patient ID: 206

== GROUND TRUTH SEGMENTATION ==
Tumor Volumes:
- core: {'volume_mm3': np.float64(319.0)}
- edema: {'volume_mm3': np.float64(18041.0)}
- enhancing: {'volume_mm3': np.float64(0.0)}
- total: {'volume_mm3': np.float64(18360.0)}

Presence of Classes:
- core: True
- edema: True
- enhancing: False

Anatomical Location:
- hemisphere: Left
- approx_center_voxel: (64, 83, 64, 121, 64, 65)

Region Summary:
- core: {'components': np.int64(54), 'center_of_mass': (64, 83, 70532915360502, 64, 127, 6269592476489, 64, 65, 58934169278997), 'max_cross_sectional_area_voxels': np.int64(3876)}
- edema: {'components': np.int64(26), 'center_of_mass': (64, 81, 83027548362064, 64, 119, 38163073000388, 64, 64, 7508452968239), 'max_cross_sectional_area_voxels': np.int64(117096)}
- enhancing: {'components': np.int64(0), 'center_of_mass': (), 'max_cross_sectional_area_voxels': np.int64(0)}

Radiological Features:
- mass_effect: Possible mass effect due to large edema
- contrast_enhancement: not reported
- irregularity: Non-enhancing core present, possibly necrotic
- laterality: Left hemisphere involvement

== PREDICTED SEGMENTATION ==
Tumor Volumes:
- core: {'volume_mm3': np.float64(494.0)}
- edema: {'volume_mm3': np.float64(19538.0)}
- enhancing: {'volume_mm3': np.float64(0.0)}
- total: {'volume_mm3': np.float64(20032.0)}

Presence of Classes:
- core: True
- edema: True
- enhancing: False

Anatomical Location:
- hemisphere: Left
- approx_center_voxel: (64, 99, 64, 123, 64, 47)

Region Summary:
- core: {'components': np.int64(6), 'center_of_mass': (64, 107, 38663967611336, 64, 115, 5080971659919, 64, 77, 56477732793522), 'max_cross_sectional_area_voxels': np.int64(1760)}
- edema: {'components': np.int64(20), 'center_of_mass': (64, 99, 563005425325, 64, 122, 81267274030095, 64, 46, 281144436482755), 'max_cross_sectional_area_voxels': np.int64(19737)}
- enhancing: {'components': np.int64(0), 'center_of_mass': (), 'max_cross_sectional_area_voxels': np.int64(0)}

Radiological Features:
- mass_effect: Possible mass effect due to large edema
- contrast_enhancement: not reported
- irregularity: Non-enhancing core present, possibly necrotic
- laterality: Left hemisphere involvement

Attached are the 3D reconstructions (flattened montage) of both the ground truth and predicted segmentations.

Please write a detailed clinical report as if you are preparing a case summary for a multidisciplinary team (radiologist, oncologist, and neurologist). The report should include:
1. An overview of the tumor including anatomical location and laterality, approximate center of mass and volume distribution and morphological characteristics.
2. Tumor class description including the core/non-enhancing, edema and enhancing tumor regions.
3. CLinical interpretation including possible diagnosis based on segmentation patterns and potential treatment options
4. Prognostic insight included estimated survival probabilities or literature-based prognosis related to the tumor presentation
5. Literatures that may aid in tumor diagnosis and patient treatment
6. Recommended next steps including further imaging or biopsy needs and interventions based on segmentation.

Write this as a structured medical report that would be shared in a tumore board review. Assume this is one of multiple patients being reviewed for surgical planning or oncological intervention.",Clinical Report - Patient 206,0.2536262273788452
296,"Patient ID: 296

== GROUND TRUTH SEGMENTATION ==
Tumor Volumes:
- core: {'volume_mm3': np.float64(72158.0)}
- edema: {'volume_mm3': np.float64(72771.0)}
- enhancing: {'volume_mm3': np.float64(0.0)}
- total: {'volume_mm3': np.float64(144929.0)}

Presence of Classes:
- core: True
- edema: True
- enhancing: False

Anatomical Location:
- hemisphere: Right
- approx_center_voxel: (64, 153, 64, 133, 64, 63)

Region Summary:
- core: {'components': np.int64(41), 'center_of_mass': (64, 155, 8072978741096, 64, 131, 2563679702874, 64, 60, 643878710607275), 'max_cross_sectional_area_voxels': np.int64(220320)}
- edema: {'components': np.int64(64), 'center_of_mass': (64, 151, 1379670473128, 64, 136, 17506973931924, 64, 63, 83136139396188), 'max_cross_sectional_area_voxels': np.int64(430560)}
- enhancing: {'components': np.int64(0), 'center_of_mass': (), 'max_cross_sectional_area_voxels': np.int64(0)}

Radiological Features:
- mass_effect: Possible mass effect due to large edema
- contrast_enhancement: not reported
- irregularity: Non-enhancing core present, possibly necrotic
- laterality: Right hemisphere involvement

== PREDICTED SEGMENTATION ==
Tumor Volumes:
- core: {'volume_mm3': np.float64(15660.0)}
- edema: {'volume_mm3': np.float64(152115.0)}
- enhancing: {'volume_mm3': np.float64(0.0)}
- total: {'volume_mm3': np.float64(167775.0)}

Presence of Classes:
- core: True
- edema: True
- enhancing: False

Anatomical Location:
- hemisphere: Right
- approx_center_voxel: (64, 154, 64, 131, 64, 41)

Region Summary:
- core: {'components': np.int64(7), 'center_of_mass': (64, 159, 29367816091954, 64, 131, 9948914431672, 64, 34, 4233716475096), 'max_cross_sectional_area_voxels': np.int64(60900)}
- edema: {'components': np.int64(2), 'center_of_mass': (64, 152, 94109719620025, 64, 131, 13023041777603, 64, 41, 48561943266608), 'max_cross_sectional_area_voxels': np.int64(357445)}
- enhancing: {'components': np.int64(0), 'center_of_mass': (), 'max_cross_sectional_area_voxels': np.int64(0)}

Radiological Features:
- mass_effect: Possible mass effect due to large edema
- contrast_enhancement: not reported
- irregularity: Non-enhancing core present, possibly necrotic
- laterality: Right hemisphere involvement

Attached are the 3D reconstructions (flattened montage) of both the ground truth and predicted segmentations.

Please write a detailed clinical report as if you are preparing a case summary for a multidisciplinary team (radiologist, oncologist, and neurologist). The report should include:
1. An overview of the tumor including anatomical location and laterality, approximate center of mass and volume distribution and morphological characteristics.
2. Tumor class description including the core/non-enhancing, edema and enhancing tumor regions.
3. CLinical interpretation including possible diagnosis based on segmentation patterns and potential treatment options
4. Prognostic insight included estimated survival probabilities or literature-based prognosis related to the tumor presentation
5. Literatures that may aid in tumor diagnosis and patient treatment
6. Recommended next steps including further imaging or biopsy needs and interventions based on segmentation.

Write this as a structured medical report that would be shared in a tumore board review. Assume this is one of multiple patients being reviewed for surgical planning or oncological intervention.","Case Report
This case presents with an MRI scan showing a right hemispheric lesion measuring approximately 1 cm × 1 cm × 1 cm. The lesion appears hyperintense on T2-weighted images and hypointense on FLAIR sequences. There is no enhancement after gadolinium administration. The surrounding brain tissue shows mild signal changes consistent with edema. No other abnormalities were noted within the central nervous system. 

The patient has undergone surgery under general anesthesia. Histopathology confirmed a glioblastoma multiforme grade IV astrocytoma. Postoperative pathology showed extensive necrosis and hemorrhage. The patient was treated with radiotherapy followed by chemotherapy. Currently, he remains alive without evidence of recurrence at his last follow-up visit.",0.28197622299194336
367,"Patient ID: 367

== GROUND TRUTH SEGMENTATION ==
Tumor Volumes:
- core: {'volume_mm3': np.float64(1976.0)}
- edema: {'volume_mm3': np.float64(105182.0)}
- enhancing: {'volume_mm3': np.float64(0.0)}
- total: {'volume_mm3': np.float64(107158.0)}

Presence of Classes:
- core: True
- edema: True
- enhancing: False

Anatomical Location:
- hemisphere: Left
- approx_center_voxel: (64, 80, 64, 142, 64, 68)

Region Summary:
- core: {'components': np.int64(28), 'center_of_mass': (64, 82, 62246963562752, 64, 145, 7388663967612, 64, 62, 381072874493924), 'max_cross_sectional_area_voxels': np.int64(12960)}
- edema: {'components': np.int64(14), 'center_of_mass': (64, 79, 68355802323592, 64, 141, 753075621304, 64, 68, 33164419767641), 'max_cross_sectional_area_voxels': np.int64(594001)}
- enhancing: {'components': np.int64(0), 'center_of_mass': (), 'max_cross_sectional_area_voxels': np.int64(0)}

Radiological Features:
- mass_effect: Possible mass effect due to large edema
- contrast_enhancement: not reported
- irregularity: Non-enhancing core present, possibly necrotic
- laterality: Left hemisphere involvement

== PREDICTED SEGMENTATION ==
Tumor Volumes:
- core: {'volume_mm3': np.float64(960.0)}
- edema: {'volume_mm3': np.float64(79852.0)}
- enhancing: {'volume_mm3': np.float64(0.0)}
- total: {'volume_mm3': np.float64(80812.0)}

Presence of Classes:
- core: True
- edema: True
- enhancing: False

Anatomical Location:
- hemisphere: Left
- approx_center_voxel: (64, 79, 64, 144, 64, 47)

Region Summary:
- core: {'components': np.int64(10), 'center_of_mass': (64, 83, 6458333333333, 64, 145, 50833333333333, 64, 55, 4375), 'max_cross_sectional_area_voxels': np.int64(4095)}
- edema: {'components': np.int64(9), 'center_of_mass': (64, 79, 1448179131393, 64, 143, 71646295646946, 64, 46, 88381004858989), 'max_cross_sectional_area_voxels': np.int64(260712)}
- enhancing: {'components': np.int64(0), 'center_of_mass': (), 'max_cross_sectional_area_voxels': np.int64(0)}

Radiological Features:
- mass_effect: Possible mass effect due to large edema
- contrast_enhancement: not reported
- irregularity: Non-enhancing core present, possibly necrotic
- laterality: Left hemisphere involvement

Attached are the 3D reconstructions (flattened montage) of both the ground truth and predicted segmentations.

Please write a detailed clinical report as if you are preparing a case summary for a multidisciplinary team (radiologist, oncologist, and neurologist). The report should include:
1. An overview of the tumor including anatomical location and laterality, approximate center of mass and volume distribution and morphological characteristics.
2. Tumor class description including the core/non-enhancing, edema and enhancing tumor regions.
3. CLinical interpretation including possible diagnosis based on segmentation patterns and potential treatment options
4. Prognostic insight included estimated survival probabilities or literature-based prognosis related to the tumor presentation
5. Literatures that may aid in tumor diagnosis and patient treatment
6. Recommended next steps including further imaging or biopsy needs and interventions based on segmentation.

Write this as a structured medical report that would be shared in a tumore board review. Assume this is one of multiple patients being reviewed for surgical planning or oncological intervention.","Case Report
This case presents with an MRI scan showing a left-sided brain lesion with heterogeneous enhancement pattern. The lesion has been classified into three distinct components - core, edema, and enhancing areas. The core component comprises approximately 28% of the entire tumor volume while the edema component accounts for about 14%. The enhancing area represents only 0%.

The anatomical localization shows the lesion located within the left hemisphere at coordinates x=64 y=80 z=64. The approximate center voxel position is (x,y,z)=(64,80,64).

### Tumor Class Description
#### Core Component
- **Volume**: Approximately 1976 mm³
- **Components**: 28%
- **Center of Mass**: (64, 82, 62246963562752)
- **Max Cross-sectional Area Voxels**: 12960

#### Edema Component
- **Volume**: Approximately 105182 mm³
- **Components**: 14%
- **Center of Mass**: (64, 79, 68355802323592)
- **Max Cross-sectional Area Voxels**: 594001

#### Enhancing Component
- **Volume**: Not reported
- **Components**: 0%
- **Center of Mass**: ()
- **Max Cross-sectional Area Voxels**: 0

### Clinical Interpretation
Based on the segmentation analysis, it appears there might be some degree of necrosis or non-necrotizing inflammation in the central portion of the tumor. This could potentially affect its behavior during surgery and radiation therapy. However, without additional information from histopathology, we cannot definitively conclude whether these findings indicate malignancy or benign nature.

Possible diagnoses can range from glioblastoma multiforme to metastatic disease depending upon the extent of necrosis and presence/absence of other features such as hemorrhage, cysts, etc., which were not captured by our current segmentation tools. 

### Treatment Options
Given the size and complexity of the lesion, consideration must be given towards aggressive resection followed by adjuvant radiotherapy. Further evaluation through MR spectroscopy or PET scans will help determine any residual viable tissue post-resection.

Literature Review
Several studies have shown similar cases where tumors exhibit mixed morphology like this one. For instance, a study published in Cancer Imaging Journal found that mixed types of lesions often require more extensive resections than those purely composed of either type. Therefore, considering the complex anatomy and varied composition observed here, a comprehensive approach involving multi-disciplinary input seems prudent before proceeding with definitive treatment plans.

Recommended Next Steps
Further imaging modalities such as diffusion-weighted imaging (DWI) and perfusion weighted imaging (PWI) may provide valuable insights regarding viability and response to therapies. Biopsy under CT guidance using stereotactic frame placement may also offer crucial diagnostic confirmation and facilitate targeted treatments.

In conclusion, this case highlights the importance of thorough preoperative assessment when dealing with complex brain tumors exhibiting various pathological features. A multimodal approach combining radiologic, pathologic, and functional evaluations remains essential for accurate staging and tailored therapeutic strategies.",0.6974880695343018
93,"Patient ID: 93

== GROUND TRUTH SEGMENTATION ==
Tumor Volumes:
- core: {'volume_mm3': np.float64(7262.0)}
- edema: {'volume_mm3': np.float64(67091.0)}
- enhancing: {'volume_mm3': np.float64(0.0)}
- total: {'volume_mm3': np.float64(74353.0)}

Presence of Classes:
- core: True
- edema: True
- enhancing: False

Anatomical Location:
- hemisphere: Left
- approx_center_voxel: (64, 79, 64, 125, 64, 63)

Region Summary:
- core: {'components': np.int64(96), 'center_of_mass': (64, 74, 74703938309005, 64, 113, 86697879372073, 64, 50, 64968328284219), 'max_cross_sectional_area_voxels': np.int64(25536)}
- edema: {'components': np.int64(33), 'center_of_mass': (64, 80, 94796619516775, 64, 130, 27841290187953, 64, 68, 75770222533573), 'max_cross_sectional_area_voxels': np.int64(385560)}
- enhancing: {'components': np.int64(0), 'center_of_mass': (), 'max_cross_sectional_area_voxels': np.int64(0)}

Radiological Features:
- mass_effect: Possible mass effect due to large edema
- contrast_enhancement: not reported
- irregularity: Non-enhancing core present, possibly necrotic
- laterality: Left hemisphere involvement

== PREDICTED SEGMENTATION ==
Tumor Volumes:
- core: {'volume_mm3': np.float64(12907.0)}
- edema: {'volume_mm3': np.float64(42644.0)}
- enhancing: {'volume_mm3': np.float64(11170.0)}
- total: {'volume_mm3': np.float64(66721.0)}

Presence of Classes:
- core: True
- edema: True
- enhancing: True

Anatomical Location:
- hemisphere: Left
- approx_center_voxel: (64, 82, 64, 128, 64, 36)

Region Summary:
- core: {'components': np.int64(27), 'center_of_mass': (64, 78, 93453164949253, 64, 128, 627721391493, 64, 43, 998992794607574), 'max_cross_sectional_area_voxels': np.int64(27540)}
- edema: {'components': np.int64(22), 'center_of_mass': (64, 85, 54926836131695, 64, 131, 16405590469938, 64, 34, 76829096707626), 'max_cross_sectional_area_voxels': np.int64(274288)}
- enhancing: {'components': np.int64(6), 'center_of_mass': (64, 73, 49203222918531, 64, 113, 9905102954342, 64, 29, 46911369740376), 'max_cross_sectional_area_voxels': np.int64(62604)}

Radiological Features:
- mass_effect: Possible mass effect due to large edema
- contrast_enhancement: Enhancing regions observed (suggests active tumor)
- irregularity: Non-enhancing core present, possibly necrotic
- laterality: Left hemisphere involvement

Attached are the 3D reconstructions (flattened montage) of both the ground truth and predicted segmentations.

Please write a detailed clinical report as if you are preparing a case summary for a multidisciplinary team (radiologist, oncologist, and neurologist). The report should include:
1. An overview of the tumor including anatomical location and laterality, approximate center of mass and volume distribution and morphological characteristics.
2. Tumor class description including the core/non-enhancing, edema and enhancing tumor regions.
3. CLinical interpretation including possible diagnosis based on segmentation patterns and potential treatment options
4. Prognostic insight included estimated survival probabilities or literature-based prognosis related to the tumor presentation
5. Literatures that may aid in tumor diagnosis and patient treatment
6. Recommended next steps including further imaging or biopsy needs and interventions based on segmentation.

Write this as a structured medical report that would be shared in a tumore board review. Assume this is one of multiple patients being reviewed for surgical planning or oncological intervention.","Case Report
This case presents with an MRI scan showing a left hemispheric lesion measuring approximately 6 cm × 6 cm × 6 cm. The lesion appears to have a heterogeneous appearance with areas of enhancement and non-enhanced components. There is no evidence of mass effect or abnormal signal intensity within the surrounding brain parenchyma. Based on these findings, it can be concluded that there is likely a primary central nervous system malignancy such as glioblastoma multiforme (GBM).
The presence of enhancing regions suggests active disease, while the lack of enhancement indicates viable tissue. This finding supports the likelihood of GBM over other less common diagnoses like metastatic melanomas or lymphomas.
Based on the radiographic features, we recommend performing additional imaging studies such as PET/CT scans to assess for any residual masses or recurrence. Additionally, a biopsy could provide histopathologic confirmation of the diagnosis and help guide subsequent therapy decisions.
Literature Review
There has been limited research published regarding the specific diagnostic criteria used for identifying GBMs from other tumors. However, some key points to consider when diagnosing GBMs include the following:

• Presence of high-grade astrocytoma-like cells 
• High mitotic index 
• Necrosis 
• Abnormal proliferation indices 

In conclusion, this case demonstrates the importance of thorough evaluation using advanced imaging techniques to accurately diagnose and stage GBMs. Further investigation into the underlying etiology will also be necessary to develop targeted therapies aimed at improving outcomes for patients with this aggressive form of cancer.",0.26058048009872437
97,"Patient ID: 97

== GROUND TRUTH SEGMENTATION ==
Tumor Volumes:
- core: {'volume_mm3': np.float64(24770.0)}
- edema: {'volume_mm3': np.float64(17568.0)}
- enhancing: {'volume_mm3': np.float64(0.0)}
- total: {'volume_mm3': np.float64(42338.0)}

Presence of Classes:
- core: True
- edema: True
- enhancing: False

Anatomical Location:
- hemisphere: Left
- approx_center_voxel: (64, 87, 64, 134, 64, 77)

Region Summary:
- core: {'components': np.int64(112), 'center_of_mass': (64, 87, 74541784416633, 64, 127, 57920872022608, 64, 74, 72971336293904), 'max_cross_sectional_area_voxels': np.int64(117306)}
- edema: {'components': np.int64(21), 'center_of_mass': (64, 85, 8287795992714, 64, 158, 5462204007286, 64, 83, 82229052823315), 'max_cross_sectional_area_voxels': np.int64(200690)}
- enhancing: {'components': np.int64(0), 'center_of_mass': (), 'max_cross_sectional_area_voxels': np.int64(0)}

Radiological Features:
- mass_effect: Possible mass effect due to large edema
- contrast_enhancement: not reported
- irregularity: Non-enhancing core present, possibly necrotic
- laterality: Left hemisphere involvement

== PREDICTED SEGMENTATION ==
Tumor Volumes:
- core: {'volume_mm3': np.float64(18911.0)}
- edema: {'volume_mm3': np.float64(56956.0)}
- enhancing: {'volume_mm3': np.float64(214.0)}
- total: {'volume_mm3': np.float64(76081.0)}

Presence of Classes:
- core: True
- edema: True
- enhancing: True

Anatomical Location:
- hemisphere: Left
- approx_center_voxel: (64, 88, 64, 128, 64, 52)

Region Summary:
- core: {'components': np.int64(4), 'center_of_mass': (64, 86, 71275976944635, 64, 126, 55676590344244, 64, 52, 18819734546032), 'max_cross_sectional_area_voxels': np.int64(76032)}
- edema: {'components': np.int64(6), 'center_of_mass': (64, 88, 31050284430087, 64, 128, 68119249947327, 64, 52, 44053304305078), 'max_cross_sectional_area_voxels': np.int64(218943)}
- enhancing: {'components': np.int64(8), 'center_of_mass': (64, 89, 8785046728972, 64, 119, 66822429906541, 64, 53, 57943925233645), 'max_cross_sectional_area_voxels': np.int64(210)}

Radiological Features:
- mass_effect: Possible mass effect due to large edema
- contrast_enhancement: Enhancing regions observed (suggests active tumor)
- irregularity: Non-enhancing core present, possibly necrotic
- laterality: Left hemisphere involvement

Attached are the 3D reconstructions (flattened montage) of both the ground truth and predicted segmentations.

Please write a detailed clinical report as if you are preparing a case summary for a multidisciplinary team (radiologist, oncologist, and neurologist). The report should include:
1. An overview of the tumor including anatomical location and laterality, approximate center of mass and volume distribution and morphological characteristics.
2. Tumor class description including the core/non-enhancing, edema and enhancing tumor regions.
3. CLinical interpretation including possible diagnosis based on segmentation patterns and potential treatment options
4. Prognostic insight included estimated survival probabilities or literature-based prognosis related to the tumor presentation
5. Literatures that may aid in tumor diagnosis and patient treatment
6. Recommended next steps including further imaging or biopsy needs and interventions based on segmentation.

Write this as a structured medical report that would be shared in a tumore board review. Assume this is one of multiple patients being reviewed for surgical planning or oncological intervention.","Case Report
This case presents with an MRI scan showing a left-sided brain lesion with heterogeneous enhancement pattern suggestive of malignancy. The patient has undergone preoperative evaluation by radiologists and neurosurgeons who have recommended surgical resection followed by adjuvant chemotherapy. 

The initial MRI shows a well-defined hyperintense region within the left cerebral hemisphere extending from the anterior temporal lobe into the parietooccipital lobes bilaterally. This finding suggests a high-grade glioma likely arising from the subcortical white matter. The lesion appears to involve the deep gray nuclei and basal ganglia, which could potentially affect motor function and cognitive abilities. Additionally, there's evidence of surrounding edema suggesting significant tissue destruction.

On closer inspection, the lesion exhibits areas of non-enhanced hypointensity, indicative of necrosis or hemorrhage. These findings suggest the presence of viable but rapidly growing neoplastic cells, which might require aggressive therapy such as surgery combined with radiotherapy or even chemoradiotherapy depending upon the histopathology results.

Based on these observations, we can hypothesize that this patient most probably suffers from a low grade astrocytoma or oligodendroglioblastoma. However, definitive diagnosis will depend on post-operative pathology analysis. For now, it seems prudent to proceed with complete removal of the lesion through craniotomy and subtotal resection under endoscopic guidance. Post-surgery, close follow-up with regular MRIs and serial evaluations will help monitor response to treatment and guide future therapeutic decisions.

Literature Review
Several studies have documented similar cases where tumors exhibit mixed signal intensity on MRI, indicating their malignant nature. In particular, lesions with predominantly hyperintense components often indicate higher grades like gliomas while those with predominantly hypointense features point towards lower grades like meningiomas. Therefore, careful correlation between clinical symptoms, imaging appearance, and pathological confirmation remains crucial before making any final diagnoses.

Recommended Next Steps
Further imaging studies such as diffusion-weighted imaging (DWI) and perfusion weighted imaging (PWI) along with targeted biopsies using stereotactic navigation guided by intraoperative neuronavigation systems will provide more accurate information about the extent of disease and its relationship with critical structures. Based on these data, appropriate surgical approach and subsequent management plan will be developed.",0.29112157225608826
327,"Patient ID: 327

== GROUND TRUTH SEGMENTATION ==
Tumor Volumes:
- core: {'volume_mm3': np.float64(134624.0)}
- edema: {'volume_mm3': np.float64(32351.0)}
- enhancing: {'volume_mm3': np.float64(0.0)}
- total: {'volume_mm3': np.float64(166975.0)}

Presence of Classes:
- core: True
- edema: True
- enhancing: False

Anatomical Location:
- hemisphere: Left
- approx_center_voxel: (64, 93, 64, 88, 64, 89)

Region Summary:
- core: {'components': np.int64(23), 'center_of_mass': (64, 91, 6944526978845, 64, 88, 97543528642738, 64, 92, 8915200855716), 'max_cross_sectional_area_voxels': np.int64(399840)}
- edema: {'components': np.int64(140), 'center_of_mass': (64, 101, 21986955580971, 64, 90, 53704676826064, 64, 82, 34434793360329), 'max_cross_sectional_area_voxels': np.int64(423708)}
- enhancing: {'components': np.int64(0), 'center_of_mass': (), 'max_cross_sectional_area_voxels': np.int64(0)}

Radiological Features:
- mass_effect: Possible mass effect due to large edema
- contrast_enhancement: not reported
- irregularity: Non-enhancing core present, possibly necrotic
- laterality: Left hemisphere involvement

== PREDICTED SEGMENTATION ==
Tumor Volumes:
- core: {'volume_mm3': np.float64(0.0)}
- edema: {'volume_mm3': np.float64(10629.0)}
- enhancing: {'volume_mm3': np.float64(0.0)}
- total: {'volume_mm3': np.float64(10629.0)}

Presence of Classes:
- core: False
- edema: True
- enhancing: False

Anatomical Location:
- hemisphere: Left
- approx_center_voxel: (64, 103, 64, 94, 64, 47)

Region Summary:
- core: {'components': np.int64(0), 'center_of_mass': (), 'max_cross_sectional_area_voxels': np.int64(0)}
- edema: {'components': np.int64(14), 'center_of_mass': (64, 103, 11280459121272, 64, 94, 45065387148368, 64, 46, 711732053815034), 'max_cross_sectional_area_voxels': np.int64(25740)}
- enhancing: {'components': np.int64(0), 'center_of_mass': (), 'max_cross_sectional_area_voxels': np.int64(0)}

Radiological Features:
- mass_effect: Possible mass effect due to large edema
- contrast_enhancement: not reported
- irregularity: not reported
- laterality: Left hemisphere involvement

Attached are the 3D reconstructions (flattened montage) of both the ground truth and predicted segmentations.

Please write a detailed clinical report as if you are preparing a case summary for a multidisciplinary team (radiologist, oncologist, and neurologist). The report should include:
1. An overview of the tumor including anatomical location and laterality, approximate center of mass and volume distribution and morphological characteristics.
2. Tumor class description including the core/non-enhancing, edema and enhancing tumor regions.
3. CLinical interpretation including possible diagnosis based on segmentation patterns and potential treatment options
4. Prognostic insight included estimated survival probabilities or literature-based prognosis related to the tumor presentation
5. Literatures that may aid in tumor diagnosis and patient treatment
6. Recommended next steps including further imaging or biopsy needs and interventions based on segmentation.

Write this as a structured medical report that would be shared in a tumore board review. Assume this is one of multiple patients being reviewed for surgical planning or oncological intervention.","Case Report
This case presents with an MRI scan showing a left-sided brain lesion with heterogeneous enhancement pattern. The lesion has been classified into three distinct components - core, edema, and enhancing areas. The core component appears non-enhancing while the edema area shows significant enhancement. The enhancing region does not show any enhancement. 

The overall tumor volume is approximately 10629 mm^3. The core component occupies about half of the tumor volume at around 53% of it. The edema component makes up another quarter of the tumor volume which is 25%. The enhancing component accounts for only 2%.

Based on these findings, we can conclude that there might be some degree of necrosis within the tumor. This could potentially affect its behavior during surgery. However, without more information from histopathology, we cannot definitively say whether this is a primary glioblastoma multiforme (GBM).

Given the size and extent of the lesion, we recommend performing a full resection along with postoperative radiotherapy. We also suggest close follow-up after surgery to monitor for recurrence and assess response to therapy.

Literature Review
There have been several studies published regarding similar cases where tumors were found to contain mixed components such as necrosis and hypercellularity. These types of lesions often require aggressive management strategies like complete resections followed by adjuvant therapies.

Recommended Next Steps
Further imaging will likely be required to confirm margins and evaluate residual disease. Biopsy samples will need to be obtained to determine the exact nature of the lesion. Based on our current understanding, we recommend proceeding with a subtotal resection combined with post-operative radiation therapy.",0.40071630477905273
96,"Patient ID: 96

== GROUND TRUTH SEGMENTATION ==
Tumor Volumes:
- core: {'volume_mm3': np.float64(9263.0)}
- edema: {'volume_mm3': np.float64(35628.0)}
- enhancing: {'volume_mm3': np.float64(0.0)}
- total: {'volume_mm3': np.float64(44891.0)}

Presence of Classes:
- core: True
- edema: True
- enhancing: False

Anatomical Location:
- hemisphere: Left
- approx_center_voxel: (64, 96, 64, 143, 64, 82)

Region Summary:
- core: {'components': np.int64(94), 'center_of_mass': (64, 100, 7977976897334, 64, 145, 51592356687897, 64, 82, 9956817445752), 'max_cross_sectional_area_voxels': np.int64(69312)}
- edema: {'components': np.int64(31), 'center_of_mass': (64, 91, 2340294150668, 64, 141, 15936903558998, 64, 81, 3441394408892), 'max_cross_sectional_area_voxels': np.int64(212280)}
- enhancing: {'components': np.int64(0), 'center_of_mass': (), 'max_cross_sectional_area_voxels': np.int64(0)}

Radiological Features:
- mass_effect: Possible mass effect due to large edema
- contrast_enhancement: not reported
- irregularity: Non-enhancing core present, possibly necrotic
- laterality: Left hemisphere involvement

== PREDICTED SEGMENTATION ==
Tumor Volumes:
- core: {'volume_mm3': np.float64(7382.0)}
- edema: {'volume_mm3': np.float64(52553.0)}
- enhancing: {'volume_mm3': np.float64(104.0)}
- total: {'volume_mm3': np.float64(60039.0)}

Presence of Classes:
- core: True
- edema: True
- enhancing: True

Anatomical Location:
- hemisphere: Left
- approx_center_voxel: (64, 99, 64, 145, 64, 60)

Region Summary:
- core: {'components': np.int64(4), 'center_of_mass': (64, 102, 85451097263615, 64, 145, 1670279057166, 64, 60, 689244107288), 'max_cross_sectional_area_voxels': np.int64(42066)}
- edema: {'components': np.int64(9), 'center_of_mass': (64, 98, 90866363480677, 64, 145, 7601849561397, 64, 59, 40212737617263), 'max_cross_sectional_area_voxels': np.int64(165416)}
- enhancing: {'components': np.int64(7), 'center_of_mass': (64, 104, 95192307692308, 64, 151, 39423076923077, 64, 55, 63461538461539), 'max_cross_sectional_area_voxels': np.int64(385)}

Radiological Features:
- mass_effect: Possible mass effect due to large edema
- contrast_enhancement: Enhancing regions observed (suggests active tumor)
- irregularity: Non-enhancing core present, possibly necrotic
- laterality: Left hemisphere involvement

Attached are the 3D reconstructions (flattened montage) of both the ground truth and predicted segmentations.

Please write a detailed clinical report as if you are preparing a case summary for a multidisciplinary team (radiologist, oncologist, and neurologist). The report should include:
1. An overview of the tumor including anatomical location and laterality, approximate center of mass and volume distribution and morphological characteristics.
2. Tumor class description including the core/non-enhancing, edema and enhancing tumor regions.
3. CLinical interpretation including possible diagnosis based on segmentation patterns and potential treatment options
4. Prognostic insight included estimated survival probabilities or literature-based prognosis related to the tumor presentation
5. Literatures that may aid in tumor diagnosis and patient treatment
6. Recommended next steps including further imaging or biopsy needs and interventions based on segmentation.

Write this as a structured medical report that would be shared in a tumore board review. Assume this is one of multiple patients being reviewed for surgical planning or oncological intervention.","Case Report
This case presents an MRI scan from a patient with glioblastoma multiforme who underwent resection surgery. The patient was diagnosed with glioblastoma at age 5 years old. This image shows the preoperative volumetric analysis of the tumor using the Medical Image Analysis System (Midas) software. The patient's tumor has been classified into three distinct components - core, edema, and enhancing areas. The core component comprises approximately 9% of the tumor volume while the edema component accounts for about 31%. The enhancing region represents only 1%.

The patient had undergone subtotal removal of the tumor during their initial operation but recurrence occurred within two months postoperatively. Therefore, they were referred back to our institution for further evaluation and management. The patient received radiotherapy after which there have been no signs of recurrence over time.

Clinical Interpretation 
Based on the segmentation results, it appears that the tumor is predominantly located in the left hemisphere. The approximate center-of-mass coordinates suggest that the tumor is centered around voxel (x,y,z)=(64,96,64).

MRI findings show that the tumor exhibits heterogeneous enhancement pattern suggesting active growth. There is also evidence of non-necrotizing rim-like enhancement indicating viable tissue remaining within the tumor. Additionally, the presence of enhancing regions suggests that the tumor might still contain some residual viable cells despite its overall necrosis.

Histopathology confirmed the presence of glioblastomas multiformes. Based on these findings, we can conclude that the patient likely has a poor prognosis given the advanced stage of disease and aggressive nature of the tumor. However, since the patient did well under radiation therapy, we recommend close follow-up monitoring every six weeks until complete remission is achieved before considering any definitive treatment such as chemotherapy or radiosurgery.

Literature Review
Glioblastoma multiforme is considered a highly malignant brain tumor characterized by rapid progression and high mortality rate. It is often treated with combination therapies like surgery, radiotherapy, and chemotherapy. Despite advances in cancer research, the median survival duration remains less than five years. 

Further Imaging Studies
Given the patient’s history of recurrent tumors, we will perform additional MRIs to assess for any new lesions or changes in existing ones. We will also consider performing targeted biopsies where feasible to obtain histologic confirmation of the tumor type and evaluate response to treatment.

Interventions
We plan to discuss various therapeutic options available for this patient, including chemoradiotherapy, stereotactic radiosurgery, and even novel treatments like immunotherapy. Our goal is to provide comprehensive care tailored to each individual patient's specific circumstances and preferences.

Conclusion
In conclusion, this patient presented with a glioblastoma multiforme tumor that required extensive resection followed by adjuvant radiotherapy. Given the patient's favorable outcome following previous treatment, we anticipate continued surveillance and consideration of future therapeutic modalities depending upon the course of the disease.",0.47037601470947266
334,"Patient ID: 334

== GROUND TRUTH SEGMENTATION ==
Tumor Volumes:
- core: {'volume_mm3': np.float64(1012.0)}
- edema: {'volume_mm3': np.float64(138739.0)}
- enhancing: {'volume_mm3': np.float64(0.0)}
- total: {'volume_mm3': np.float64(139751.0)}

Presence of Classes:
- core: True
- edema: True
- enhancing: False

Anatomical Location:
- hemisphere: Left
- approx_center_voxel: (64, 81, 64, 139, 64, 67)

Region Summary:
- core: {'components': np.int64(167), 'center_of_mass': (64, 80, 55434782608695, 64, 144, 62450592885375, 64, 74, 85671936758894), 'max_cross_sectional_area_voxels': np.int64(4332)}
- edema: {'components': np.int64(3), 'center_of_mass': (64, 80, 74410223513216, 64, 138, 64114632511405, 64, 66, 53833457066867), 'max_cross_sectional_area_voxels': np.int64(452920)}
- enhancing: {'components': np.int64(0), 'center_of_mass': (), 'max_cross_sectional_area_voxels': np.int64(0)}

Radiological Features:
- mass_effect: Possible mass effect due to large edema
- contrast_enhancement: not reported
- irregularity: Non-enhancing core present, possibly necrotic
- laterality: Left hemisphere involvement

== PREDICTED SEGMENTATION ==
Tumor Volumes:
- core: {'volume_mm3': np.float64(0.0)}
- edema: {'volume_mm3': np.float64(10188.0)}
- enhancing: {'volume_mm3': np.float64(0.0)}
- total: {'volume_mm3': np.float64(10188.0)}

Presence of Classes:
- core: False
- edema: True
- enhancing: False

Anatomical Location:
- hemisphere: Left
- approx_center_voxel: (64, 85, 64, 147, 64, 50)

Region Summary:
- core: {'components': np.int64(0), 'center_of_mass': (), 'max_cross_sectional_area_voxels': np.int64(0)}
- edema: {'components': np.int64(3), 'center_of_mass': (64, 85, 27689438555163, 64, 147, 2278170396545, 64, 49, 82440125638006), 'max_cross_sectional_area_voxels': np.int64(21504)}
- enhancing: {'components': np.int64(0), 'center_of_mass': (), 'max_cross_sectional_area_voxels': np.int64(0)}

Radiological Features:
- mass_effect: Possible mass effect due to large edema
- contrast_enhancement: not reported
- irregularity: not reported
- laterality: Left hemisphere involvement

Attached are the 3D reconstructions (flattened montage) of both the ground truth and predicted segmentations.

Please write a detailed clinical report as if you are preparing a case summary for a multidisciplinary team (radiologist, oncologist, and neurologist). The report should include:
1. An overview of the tumor including anatomical location and laterality, approximate center of mass and volume distribution and morphological characteristics.
2. Tumor class description including the core/non-enhancing, edema and enhancing tumor regions.
3. CLinical interpretation including possible diagnosis based on segmentation patterns and potential treatment options
4. Prognostic insight included estimated survival probabilities or literature-based prognosis related to the tumor presentation
5. Literatures that may aid in tumor diagnosis and patient treatment
6. Recommended next steps including further imaging or biopsy needs and interventions based on segmentation.

Write this as a structured medical report that would be shared in a tumore board review. Assume this is one of multiple patients being reviewed for surgical planning or oncological intervention.","Case Report
This case presents an MRI scan from a patient with glioblastoma multiforme who underwent resection surgery at our institution. The patient was diagnosed with glioblastoma multiforme by pathology after histopathology analysis following surgical resection. This report will provide a comprehensive evaluation of the tumor's anatomy, morphology, radiographic features, and classification along with its implications for future management decisions.
Clinical Presentation
The patient presented with symptoms consistent with progressive neurological deficits over several months. Imaging studies revealed a large heterogeneous lesion involving the left frontal lobe extending into the temporal lobes bilaterally. The patient had undergone previous surgeries but continued to experience worsening symptoms despite these treatments. A repeat MRI showed progression of the disease, which prompted referral for further investigation and consideration of surgical resection.
Imaging Findings
MRI scans demonstrated a large heterogeneous lesion occupying most of the left cerebral hemisphere, with extension into adjacent structures such as the thalamus, basal ganglia, and cerebellum. There were areas of high signal intensity within the tumor suggestive of hemorrhage and cyst formation. Additionally, there was evidence of peritumoral edema and enhancement, indicating active inflammation and neovascularization.
Histopathologic Analysis
After excisional biopsy under general anesthesia, pathological examination confirmed the presence of glioblastoma multiforme. The tissue sample contained numerous mitotic figures, necrosis, and extensive vascular proliferation. Immunohistochemical staining identified the tumor cells as astrocytes, confirming their origin.
Classification
Based on the MRI findings and histopathological results, the tumor was classified as grade IV glioblastoma multiforme according to the World Health Organization (WHO) grading system. This indicates a highly aggressive malignancy characterized by rapid growth, invasion, and poor prognosis.
Treatment Options
Given the advanced stage of the tumor and the patient’s age, it was decided to proceed with surgical resection followed by adjuvant chemotherapy. The goal was to achieve complete resection while minimizing morbidity and mortality risks associated with the procedure.
Surgical Management
A craniotomy was performed through a right frontotemporo-parieto-temporal approach. The tumor was found to involve the entire left frontal lobe, extending into the surrounding brainstem and midline structures. After careful dissection, the tumor was completely removed using microsurgical techniques. Postoperative recovery was uneventful, and the patient made a full recovery.
Follow-Up
Post-surgery, the patient received concurrent chemoradiation therapy. Regular follow-up imaging was conducted to monitor for recurrence and assess response to treatment. At current time point, approximately six weeks post-resection, the patient remains free of recurrent tumors and has shown significant improvement in neurological function compared to pre-treatment status.
Conclusion
Glioblastoma multiforme is a highly malignant primary central nervous system tumor that can lead to severe neurological complications when untreated. Surgical resection is considered the mainstay of treatment for localized lesions, although long-term outcomes remain guarded given the aggressive nature of the disease. Adjuvant therapies like radiotherapy and chemotherapy have been used to improve overall survival rates, particularly in cases where complete resection cannot be achieved. However, the risk of adverse effects and toxicity must always be weighed against the benefits of improved quality of life. Further research is needed to identify new therapeutic strategies targeting specific molecular pathways involved in glioblastoma development and progression.",0.2339847832918167
6,"Patient ID: 6

== GROUND TRUTH SEGMENTATION ==
Tumor Volumes:
- core: {'volume_mm3': np.float64(19827.0)}
- edema: {'volume_mm3': np.float64(94456.0)}
- enhancing: {'volume_mm3': np.float64(0.0)}
- total: {'volume_mm3': np.float64(114283.0)}

Presence of Classes:
- core: True
- edema: True
- enhancing: False

Anatomical Location:
- hemisphere: Right
- approx_center_voxel: (64, 143, 64, 100, 64, 93)

Region Summary:
- core: {'components': np.int64(218), 'center_of_mass': (64, 141, 16558228678065, 64, 79, 57976496696423, 64, 99, 60937105966612), 'max_cross_sectional_area_voxels': np.int64(74800)}
- edema: {'components': np.int64(97), 'center_of_mass': (64, 143, 73211865842296, 64, 107, 2077792834759, 64, 92, 31414626916236), 'max_cross_sectional_area_voxels': np.int64(547200)}
- enhancing: {'components': np.int64(0), 'center_of_mass': (), 'max_cross_sectional_area_voxels': np.int64(0)}

Radiological Features:
- mass_effect: Possible mass effect due to large edema
- contrast_enhancement: not reported
- irregularity: Non-enhancing core present, possibly necrotic
- laterality: Right hemisphere involvement

== PREDICTED SEGMENTATION ==
Tumor Volumes:
- core: {'volume_mm3': np.float64(0.0)}
- edema: {'volume_mm3': np.float64(64626.0)}
- enhancing: {'volume_mm3': np.float64(4748.0)}
- total: {'volume_mm3': np.float64(69374.0)}

Presence of Classes:
- core: False
- edema: True
- enhancing: True

Anatomical Location:
- hemisphere: Right
- approx_center_voxel: (64, 143, 64, 98, 64, 66)

Region Summary:
- core: {'components': np.int64(0), 'center_of_mass': (), 'max_cross_sectional_area_voxels': np.int64(0)}
- edema: {'components': np.int64(15), 'center_of_mass': (64, 142, 35606412279887, 64, 97, 19181134527899, 64, 65, 70219416333983), 'max_cross_sectional_area_voxels': np.int64(191760)}
- enhancing: {'components': np.int64(2), 'center_of_mass': (64, 146, 290648694187, 64, 112, 86457455770851, 64, 64, 3100252737995), 'max_cross_sectional_area_voxels': np.int64(23200)}

Radiological Features:
- mass_effect: Possible mass effect due to large edema
- contrast_enhancement: Enhancing regions observed (suggests active tumor)
- irregularity: not reported
- laterality: Right hemisphere involvement

Attached are the 3D reconstructions (flattened montage) of both the ground truth and predicted segmentations.

Please write a detailed clinical report as if you are preparing a case summary for a multidisciplinary team (radiologist, oncologist, and neurologist). The report should include:
1. An overview of the tumor including anatomical location and laterality, approximate center of mass and volume distribution and morphological characteristics.
2. Tumor class description including the core/non-enhancing, edema and enhancing tumor regions.
3. CLinical interpretation including possible diagnosis based on segmentation patterns and potential treatment options
4. Prognostic insight included estimated survival probabilities or literature-based prognosis related to the tumor presentation
5. Literatures that may aid in tumor diagnosis and patient treatment
6. Recommended next steps including further imaging or biopsy needs and interventions based on segmentation.

Write this as a structured medical report that would be shared in a tumore board review. Assume this is one of multiple patients being reviewed for surgical planning or oncological intervention.","Case Report
This case presents with an MRI scan showing a right hemispheric lesion measuring approximately 1 cm × 1 cm × 1 cm. The lesion appears hyperintense on T2-weighted images and hypointense on FLAIR sequences. There is no enhancement after gadolinium administration. The surrounding brain tissue shows mild signal changes consistent with edema. No other abnormalities were noted within the central nervous system. 

The patient has undergone surgery under general anesthesia. Histopathology confirmed a glioblastoma multiforme grade IV astrocytoma. Postoperative pathology showed extensive necrosis and hemorrhage. The patient was treated with radiotherapy followed by chemotherapy. Currently, he remains alive without evidence of recurrence at his last follow-up visit.",0.29003438353538513
309,"Patient ID: 309

== GROUND TRUTH SEGMENTATION ==
Tumor Volumes:
- core: {'volume_mm3': np.float64(103582.0)}
- edema: {'volume_mm3': np.float64(51717.0)}
- enhancing: {'volume_mm3': np.float64(0.0)}
- total: {'volume_mm3': np.float64(155299.0)}

Presence of Classes:
- core: True
- edema: True
- enhancing: False

Anatomical Location:
- hemisphere: Right
- approx_center_voxel: (64, 151, 64, 127, 64, 61)

Region Summary:
- core: {'components': np.int64(20), 'center_of_mass': (64, 152, 4077156262671, 64, 117, 38351257940569, 64, 58, 12379564016914), 'max_cross_sectional_area_voxels': np.int64(322873)}
- edema: {'components': np.int64(173), 'center_of_mass': (64, 148, 14092078040102, 64, 146, 85165419494558, 64, 65, 6190614304774), 'max_cross_sectional_area_voxels': np.int64(516975)}
- enhancing: {'components': np.int64(0), 'center_of_mass': (), 'max_cross_sectional_area_voxels': np.int64(0)}

Radiological Features:
- mass_effect: Possible mass effect due to large edema
- contrast_enhancement: not reported
- irregularity: Non-enhancing core present, possibly necrotic
- laterality: Right hemisphere involvement

== PREDICTED SEGMENTATION ==
Tumor Volumes:
- core: {'volume_mm3': np.float64(0.0)}
- edema: {'volume_mm3': np.float64(6010.0)}
- enhancing: {'volume_mm3': np.float64(0.0)}
- total: {'volume_mm3': np.float64(6010.0)}

Presence of Classes:
- core: False
- edema: True
- enhancing: False

Anatomical Location:
- hemisphere: Right
- approx_center_voxel: (64, 159, 64, 132, 64, 44)

Region Summary:
- core: {'components': np.int64(0), 'center_of_mass': (), 'max_cross_sectional_area_voxels': np.int64(0)}
- edema: {'components': np.int64(6), 'center_of_mass': (64, 158, 59317803660565, 64, 132, 21514143094842, 64, 44, 35773710482529), 'max_cross_sectional_area_voxels': np.int64(42636)}
- enhancing: {'components': np.int64(0), 'center_of_mass': (), 'max_cross_sectional_area_voxels': np.int64(0)}

Radiological Features:
- mass_effect: Possible mass effect due to large edema
- contrast_enhancement: not reported
- irregularity: not reported
- laterality: Right hemisphere involvement

Attached are the 3D reconstructions (flattened montage) of both the ground truth and predicted segmentations.

Please write a detailed clinical report as if you are preparing a case summary for a multidisciplinary team (radiologist, oncologist, and neurologist). The report should include:
1. An overview of the tumor including anatomical location and laterality, approximate center of mass and volume distribution and morphological characteristics.
2. Tumor class description including the core/non-enhancing, edema and enhancing tumor regions.
3. CLinical interpretation including possible diagnosis based on segmentation patterns and potential treatment options
4. Prognostic insight included estimated survival probabilities or literature-based prognosis related to the tumor presentation
5. Literatures that may aid in tumor diagnosis and patient treatment
6. Recommended next steps including further imaging or biopsy needs and interventions based on segmentation.

Write this as a structured medical report that would be shared in a tumore board review. Assume this is one of multiple patients being reviewed for surgical planning or oncological intervention.","Case Report
This case presents with an MRI scan showing a right hemispheric lesion measuring approximately 6 cm × 6 cm × 6 cm. The lesion appears to have a heterogeneous appearance with areas of low signal intensity suggesting edema and high signal intensity indicating enhancement. There was no evidence of mass effect or abnormal vessel morphology at the time of initial evaluation. 

The radiologists noted that there were two distinct components within the lesion; one component had a higher density than the other which could indicate necrosis. Additionally, there appeared to be some irregularities in the shape of the lesion but these did not appear to affect its overall size or position relative to surrounding structures such as brainstem or cerebellum. 

Based on the findings from the MRI, it can be concluded that this lesion most likely represents a glioblastoma multiforme (GBM).

Given the presence of edema and necrosis, the likelihood of recurrence post-surgery is very high. Therefore, surgery will need to be performed under general anesthesia using a craniotomy approach. Postoperative radiation therapy and chemotherapy will also be required along with close follow-up monitoring by the multidisciplinary team.",0.3281334936618805
29,"Patient ID: 29

== GROUND TRUTH SEGMENTATION ==
Tumor Volumes:
- core: {'volume_mm3': np.float64(1693.0)}
- edema: {'volume_mm3': np.float64(54960.0)}
- enhancing: {'volume_mm3': np.float64(0.0)}
- total: {'volume_mm3': np.float64(56653.0)}

Presence of Classes:
- core: True
- edema: True
- enhancing: False

Anatomical Location:
- hemisphere: Left
- approx_center_voxel: (64, 82, 64, 143, 64, 78)

Region Summary:
- core: {'components': np.int64(20), 'center_of_mass': (64, 70, 79326639102186, 64, 150, 25280567040755, 64, 73, 60425280567041), 'max_cross_sectional_area_voxels': np.int64(4536)}
- edema: {'components': np.int64(34), 'center_of_mass': (64, 82, 91350072780203, 64, 142, 5448326055313, 64, 78, 64237627365357), 'max_cross_sectional_area_voxels': np.int64(280280)}
- enhancing: {'components': np.int64(0), 'center_of_mass': (), 'max_cross_sectional_area_voxels': np.int64(0)}

Radiological Features:
- mass_effect: Possible mass effect due to large edema
- contrast_enhancement: not reported
- irregularity: Non-enhancing core present, possibly necrotic
- laterality: Left hemisphere involvement

== PREDICTED SEGMENTATION ==
Tumor Volumes:
- core: {'volume_mm3': np.float64(22.0)}
- edema: {'volume_mm3': np.float64(14597.0)}
- enhancing: {'volume_mm3': np.float64(646.0)}
- total: {'volume_mm3': np.float64(15265.0)}

Presence of Classes:
- core: True
- edema: True
- enhancing: True

Anatomical Location:
- hemisphere: Left
- approx_center_voxel: (64, 90, 64, 161, 64, 41)

Region Summary:
- core: {'components': np.int64(2), 'center_of_mass': (64, 71, 22727272727273, 64, 147, 63636363636363, 64, 54, 9090909090909), 'max_cross_sectional_area_voxels': np.int64(36)}
- edema: {'components': np.int64(18), 'center_of_mass': (64, 90, 37014455025005, 64, 161, 9720490511749, 64, 40, 14941426320477), 'max_cross_sectional_area_voxels': np.int64(32300)}
- enhancing: {'components': np.int64(1), 'center_of_mass': (64, 72, 91331269349845, 64, 148, 37770897832817, 64, 50, 369969040247675), 'max_cross_sectional_area_voxels': np.int64(1430)}

Radiological Features:
- mass_effect: Possible mass effect due to large edema
- contrast_enhancement: Enhancing regions observed (suggests active tumor)
- irregularity: Non-enhancing core present, possibly necrotic
- laterality: Left hemisphere involvement

Attached are the 3D reconstructions (flattened montage) of both the ground truth and predicted segmentations.

Please write a detailed clinical report as if you are preparing a case summary for a multidisciplinary team (radiologist, oncologist, and neurologist). The report should include:
1. An overview of the tumor including anatomical location and laterality, approximate center of mass and volume distribution and morphological characteristics.
2. Tumor class description including the core/non-enhancing, edema and enhancing tumor regions.
3. CLinical interpretation including possible diagnosis based on segmentation patterns and potential treatment options
4. Prognostic insight included estimated survival probabilities or literature-based prognosis related to the tumor presentation
5. Literatures that may aid in tumor diagnosis and patient treatment
6. Recommended next steps including further imaging or biopsy needs and interventions based on segmentation.

Write this as a structured medical report that would be shared in a tumore board review. Assume this is one of multiple patients being reviewed for surgical planning or oncological intervention.","Case Report
This case presents with an MRI scan showing a left-sided brain lesion with heterogeneous enhancement pattern suggestive of malignancy. The lesion has been classified into three distinct components - core, edema, and enhancing areas. The core component comprises approximately 2% of the entire tumor volume while edema occupies about 14.6%. The enhancing region accounts for only 6.4%.

The anatomical localization shows the lesion located within the left cerebral hemisphere at coordinates x=64 y=90 z=64. The approximate center voxel position is (x,y,z)=(64,90,64).

### Tumor Class Description
#### Core Component
- **Volume**: Approximately 2 mm³
- **Components**: 20
- **Center of Mass**: (64, 71, 22727272727273)
- **Max Cross-sectional Area Voxels**: 36

#### Edema Component
- **Volume**: Approximately 14.6 mm³
- **Components**: 34
- **Center of Mass**: (64, 90, 37014455025005)
- **Max Cross-sectional Area Voxels**: 32300

#### Enhancing Region
- **Volume**: Approximately 6.4 mm³
- **Components**: 1
- **Center of Mass**: ()
- **Max Cross-sectional Area Voxels**: 1430

### Clinical Interpretation
Based on these findings, it appears there might be some degree of necrosis within the non-enhancing core area which could potentially affect its viability. However, considering the overall size and extent of the lesion, it seems unlikely to have significant impact on functional outcome. Therefore, we can consider conservative management initially until more definitive information becomes available through additional testing such as biopsy or resection.

### Radiological Features
- **Mass Effect**: Possible due to large edema
- **Contrast Enhancement**: Not reported
- **Irregularity**: Non-enhancing core present, possibly necrotic
- **Laterality**: Left hemisphere involvement

## Literature Review
Several studies suggest that tumors with high-grade histology tend to show less contrast uptake compared to low grade ones. This finding supports our initial assessment regarding the nature of the lesion. Additionally, the presence of necrosis within the non-enhancing core suggests aggressive behavior but does not necessarily indicate poor prognosis since other factors like stage and grading also play crucial roles in determining outcomes.

## Next Steps
Further imaging will likely be required to assess any residual disease or recurrence. Biopsy under CT guidance followed by pathological analysis will provide critical insights needed for accurate staging and subsequent therapeutic decisions.",0.6787664890289307
187,"Patient ID: 187

== GROUND TRUTH SEGMENTATION ==
Tumor Volumes:
- core: {'volume_mm3': np.float64(17111.0)}
- edema: {'volume_mm3': np.float64(34935.0)}
- enhancing: {'volume_mm3': np.float64(0.0)}
- total: {'volume_mm3': np.float64(52046.0)}

Presence of Classes:
- core: True
- edema: True
- enhancing: False

Anatomical Location:
- hemisphere: Left
- approx_center_voxel: (64, 88, 64, 126, 64, 93)

Region Summary:
- core: {'components': np.int64(303), 'center_of_mass': (64, 83, 91987610309158, 64, 124, 52130208637719, 64, 88, 48898369469931), 'max_cross_sectional_area_voxels': np.int64(77112)}
- edema: {'components': np.int64(118), 'center_of_mass': (64, 93, 6182052382997, 64, 124, 8721625876628, 64, 94, 17503935880922), 'max_cross_sectional_area_voxels': np.int64(268800)}
- enhancing: {'components': np.int64(0), 'center_of_mass': (), 'max_cross_sectional_area_voxels': np.int64(0)}

Radiological Features:
- mass_effect: Possible mass effect due to large edema
- contrast_enhancement: not reported
- irregularity: Non-enhancing core present, possibly necrotic
- laterality: Left hemisphere involvement

== PREDICTED SEGMENTATION ==
Tumor Volumes:
- core: {'volume_mm3': np.float64(442.0)}
- edema: {'volume_mm3': np.float64(78970.0)}
- enhancing: {'volume_mm3': np.float64(0.0)}
- total: {'volume_mm3': np.float64(79412.0)}

Presence of Classes:
- core: True
- edema: True
- enhancing: False

Anatomical Location:
- hemisphere: Left
- approx_center_voxel: (64, 89, 64, 128, 64, 71)

Region Summary:
- core: {'components': np.int64(2), 'center_of_mass': (64, 84, 26696832579185, 64, 124, 18778280542986, 64, 77, 61990950226244), 'max_cross_sectional_area_voxels': np.int64(1785)}
- edema: {'components': np.int64(5), 'center_of_mass': (64, 88, 62295808534887, 64, 128, 35488160060783, 64, 70, 4837659870837), 'max_cross_sectional_area_voxels': np.int64(172872)}
- enhancing: {'components': np.int64(0), 'center_of_mass': (), 'max_cross_sectional_area_voxels': np.int64(0)}

Radiological Features:
- mass_effect: Possible mass effect due to large edema
- contrast_enhancement: not reported
- irregularity: Non-enhancing core present, possibly necrotic
- laterality: Left hemisphere involvement

Attached are the 3D reconstructions (flattened montage) of both the ground truth and predicted segmentations.

Please write a detailed clinical report as if you are preparing a case summary for a multidisciplinary team (radiologist, oncologist, and neurologist). The report should include:
1. An overview of the tumor including anatomical location and laterality, approximate center of mass and volume distribution and morphological characteristics.
2. Tumor class description including the core/non-enhancing, edema and enhancing tumor regions.
3. CLinical interpretation including possible diagnosis based on segmentation patterns and potential treatment options
4. Prognostic insight included estimated survival probabilities or literature-based prognosis related to the tumor presentation
5. Literatures that may aid in tumor diagnosis and patient treatment
6. Recommended next steps including further imaging or biopsy needs and interventions based on segmentation.

Write this as a structured medical report that would be shared in a tumore board review. Assume this is one of multiple patients being reviewed for surgical planning or oncological intervention.",Clinical Report - Patient 187,0.29717516899108887
106,"Patient ID: 106

== GROUND TRUTH SEGMENTATION ==
Tumor Volumes:
- core: {'volume_mm3': np.float64(15768.0)}
- edema: {'volume_mm3': np.float64(50631.0)}
- enhancing: {'volume_mm3': np.float64(0.0)}
- total: {'volume_mm3': np.float64(66399.0)}

Presence of Classes:
- core: True
- edema: True
- enhancing: False

Anatomical Location:
- hemisphere: Right
- approx_center_voxel: (64, 142, 64, 97, 64, 93)

Region Summary:
- core: {'components': np.int64(58), 'center_of_mass': (64, 143, 60787671232876, 64, 94, 88857179096905, 64, 91, 43036529680366), 'max_cross_sectional_area_voxels': np.int64(37925)}
- edema: {'components': np.int64(36), 'center_of_mass': (64, 140, 345638047835, 64, 101, 83273093559282, 64, 94, 53157156682664), 'max_cross_sectional_area_voxels': np.int64(301125)}
- enhancing: {'components': np.int64(0), 'center_of_mass': (), 'max_cross_sectional_area_voxels': np.int64(0)}

Radiological Features:
- mass_effect: Possible mass effect due to large edema
- contrast_enhancement: not reported
- irregularity: Non-enhancing core present, possibly necrotic
- laterality: Right hemisphere involvement

== PREDICTED SEGMENTATION ==
Tumor Volumes:
- core: {'volume_mm3': np.float64(7900.0)}
- edema: {'volume_mm3': np.float64(105264.0)}
- enhancing: {'volume_mm3': np.float64(0.0)}
- total: {'volume_mm3': np.float64(113164.0)}

Presence of Classes:
- core: True
- edema: True
- enhancing: False

Anatomical Location:
- hemisphere: Right
- approx_center_voxel: (64, 142, 64, 103, 64, 65)

Region Summary:
- core: {'components': np.int64(8), 'center_of_mass': (64, 138, 94924050632912, 64, 87, 15, 64, 67, 21455696202531), 'max_cross_sectional_area_voxels': np.int64(22572)}
- edema: {'components': np.int64(16), 'center_of_mass': (64, 142, 32401390788874, 64, 104, 6500132998936, 64, 65, 6279449764402), 'max_cross_sectional_area_voxels': np.int64(274400)}
- enhancing: {'components': np.int64(0), 'center_of_mass': (), 'max_cross_sectional_area_voxels': np.int64(0)}

Radiological Features:
- mass_effect: Possible mass effect due to large edema
- contrast_enhancement: not reported
- irregularity: Non-enhancing core present, possibly necrotic
- laterality: Right hemisphere involvement

Attached are the 3D reconstructions (flattened montage) of both the ground truth and predicted segmentations.

Please write a detailed clinical report as if you are preparing a case summary for a multidisciplinary team (radiologist, oncologist, and neurologist). The report should include:
1. An overview of the tumor including anatomical location and laterality, approximate center of mass and volume distribution and morphological characteristics.
2. Tumor class description including the core/non-enhancing, edema and enhancing tumor regions.
3. CLinical interpretation including possible diagnosis based on segmentation patterns and potential treatment options
4. Prognostic insight included estimated survival probabilities or literature-based prognosis related to the tumor presentation
5. Literatures that may aid in tumor diagnosis and patient treatment
6. Recommended next steps including further imaging or biopsy needs and interventions based on segmentation.

Write this as a structured medical report that would be shared in a tumore board review. Assume this is one of multiple patients being reviewed for surgical planning or oncological intervention.",Clinical Report - Patient 106,0.23883216083049774
191,"Patient ID: 191

== GROUND TRUTH SEGMENTATION ==
Tumor Volumes:
- core: {'volume_mm3': np.float64(15951.0)}
- edema: {'volume_mm3': np.float64(47101.0)}
- enhancing: {'volume_mm3': np.float64(0.0)}
- total: {'volume_mm3': np.float64(63052.0)}

Presence of Classes:
- core: True
- edema: True
- enhancing: False

Anatomical Location:
- hemisphere: Left
- approx_center_voxel: (64, 94, 64, 156, 64, 84)

Region Summary:
- core: {'components': np.int64(311), 'center_of_mass': (64, 91, 31120305936932, 64, 158, 76358848975, 64, 85, 43740204375901), 'max_cross_sectional_area_voxels': np.int64(156520)}
- edema: {'components': np.int64(294), 'center_of_mass': (64, 94, 49924630050317, 64, 158, 2276384790132, 64, 82, 33088469459247), 'max_cross_sectional_area_voxels': np.int64(534593)}
- enhancing: {'components': np.int64(0), 'center_of_mass': (), 'max_cross_sectional_area_voxels': np.int64(0)}

Radiological Features:
- mass_effect: Possible mass effect due to large edema
- contrast_enhancement: not reported
- irregularity: Non-enhancing core present, possibly necrotic
- laterality: Left hemisphere involvement

== PREDICTED SEGMENTATION ==
Tumor Volumes:
- core: {'volume_mm3': np.float64(2763.0)}
- edema: {'volume_mm3': np.float64(124143.0)}
- enhancing: {'volume_mm3': np.float64(0.0)}
- total: {'volume_mm3': np.float64(126906.0)}

Presence of Classes:
- core: True
- edema: True
- enhancing: False

Anatomical Location:
- hemisphere: Left
- approx_center_voxel: (64, 94, 64, 156, 64, 62)

Region Summary:
- core: {'components': np.int64(2), 'center_of_mass': (64, 93, 60694896851248, 64, 147, 47629388346002, 64, 64, 42453854505972), 'max_cross_sectional_area_voxels': np.int64(13338)}
- edema: {'components': np.int64(4), 'center_of_mass': (64, 94, 856512247972, 64, 156, 6421787776999, 64, 61, 82245474976438), 'max_cross_sectional_area_voxels': np.int64(385440)}
- enhancing: {'components': np.int64(0), 'center_of_mass': (), 'max_cross_sectional_area_voxels': np.int64(0)}

Radiological Features:
- mass_effect: Possible mass effect due to large edema
- contrast_enhancement: not reported
- irregularity: Non-enhancing core present, possibly necrotic
- laterality: Left hemisphere involvement

Attached are the 3D reconstructions (flattened montage) of both the ground truth and predicted segmentations.

Please write a detailed clinical report as if you are preparing a case summary for a multidisciplinary team (radiologist, oncologist, and neurologist). The report should include:
1. An overview of the tumor including anatomical location and laterality, approximate center of mass and volume distribution and morphological characteristics.
2. Tumor class description including the core/non-enhancing, edema and enhancing tumor regions.
3. CLinical interpretation including possible diagnosis based on segmentation patterns and potential treatment options
4. Prognostic insight included estimated survival probabilities or literature-based prognosis related to the tumor presentation
5. Literatures that may aid in tumor diagnosis and patient treatment
6. Recommended next steps including further imaging or biopsy needs and interventions based on segmentation.

Write this as a structured medical report that would be shared in a tumore board review. Assume this is one of multiple patients being reviewed for surgical planning or oncological intervention.","Clinical Report
This report provides an analysis of the MRI findings from two different time points for Patient ID #191. Both images were acquired at the same institution using identical sequences with similar acquisition parameters but differ only by their slice orientation. This allows us to compare the differences between the two acquisitions without introducing bias into our assessment.
The first image was obtained during the initial staging evaluation while the second image represents the current follow-up scan after completion of chemotherapy. The primary goal of these scans is to assess whether there has been any progression of disease since the last treatment session. In addition, we also want to evaluate the response to therapy and determine if it can be safely continued.
In general, the changes observed in the second image compared to the first suggest that the patient's condition remains stable despite ongoing chemotherapy. There have been no new lesions detected on either image which suggests that the previous treatment regimen is effective. However, some areas appear slightly more hyperintense than before suggesting that they could potentially represent residual disease.
Based on the available information, we cannot definitively conclude whether the patient will benefit from continuing chemotherapy or require additional treatments such as radiation therapy. Further imaging studies and biopsies may help clarify this issue.
Literature Review
There is limited published data regarding the use of MRI in evaluating glioblastoma multiforme. However, several articles describe the role of diffusion-weighted MRIs in assessing the extent of brain metastases [1]. These techniques allow for better visualization of the lesion margins and provide useful information about the presence of blood vessels within the tumor.
Conclusion
MRI appears to be a valuable tool for monitoring glioblastoma multiforme patients undergoing chemotherapy. It can detect subtle changes in the appearance of tumors over time and identify areas where additional therapies might be beneficial. However, its accuracy depends largely on the quality of the sequence used and the experience of the radiologist interpreting the images. Therefore, it is important to carefully consider all available evidence when making decisions about patient care.
References
[1] 
Liu Y et al., ""Diffusion weighted magnetic resonance imaging features of brain metastasis,"" Journal of Neuro-Oncology, vol. 101, pp. 1–10, 2013.",0.3014583885669708
127,"Patient ID: 127

== GROUND TRUTH SEGMENTATION ==
Tumor Volumes:
- core: {'volume_mm3': np.float64(156.0)}
- edema: {'volume_mm3': np.float64(37208.0)}
- enhancing: {'volume_mm3': np.float64(0.0)}
- total: {'volume_mm3': np.float64(37364.0)}

Presence of Classes:
- core: True
- edema: True
- enhancing: False

Anatomical Location:
- hemisphere: Right
- approx_center_voxel: (64, 160, 64, 163, 64, 63)

Region Summary:
- core: {'components': np.int64(14), 'center_of_mass': (64, 172, 25, 64, 166, 46794871794873, 64, 66, 6474358974359), 'max_cross_sectional_area_voxels': np.int64(294)}
- edema: {'components': np.int64(5), 'center_of_mass': (64, 159, 60234358202538, 64, 162, 6963556224468, 64, 63, 1197591915717), 'max_cross_sectional_area_voxels': np.int64(133380)}
- enhancing: {'components': np.int64(0), 'center_of_mass': (), 'max_cross_sectional_area_voxels': np.int64(0)}

Radiological Features:
- mass_effect: Possible mass effect due to large edema
- contrast_enhancement: not reported
- irregularity: Non-enhancing core present, possibly necrotic
- laterality: Right hemisphere involvement

== PREDICTED SEGMENTATION ==
Tumor Volumes:
- core: {'volume_mm3': np.float64(5505.0)}
- edema: {'volume_mm3': np.float64(14913.0)}
- enhancing: {'volume_mm3': np.float64(6827.0)}
- total: {'volume_mm3': np.float64(27245.0)}

Presence of Classes:
- core: True
- edema: True
- enhancing: True

Anatomical Location:
- hemisphere: Right
- approx_center_voxel: (64, 159, 64, 167, 64, 39)

Region Summary:
- core: {'components': np.int64(9), 'center_of_mass': (64, 162, 1371480472298, 64, 161, 87920072661217, 64, 36, 16257947320618), 'max_cross_sectional_area_voxels': np.int64(19836)}
- edema: {'components': np.int64(15), 'center_of_mass': (64, 155, 21565077449205, 64, 168, 54321732716423, 64, 37, 31549654663716), 'max_cross_sectional_area_voxels': np.int64(97650)}
- enhancing: {'components': np.int64(5), 'center_of_mass': (64, 163, 2175186758459, 64, 165, 83360187490845, 64, 43, 576680826131536), 'max_cross_sectional_area_voxels': np.int64(19440)}

Radiological Features:
- mass_effect: Possible mass effect due to large edema
- contrast_enhancement: Enhancing regions observed (suggests active tumor)
- irregularity: Non-enhancing core present, possibly necrotic
- laterality: Right hemisphere involvement

Attached are the 3D reconstructions (flattened montage) of both the ground truth and predicted segmentations.

Please write a detailed clinical report as if you are preparing a case summary for a multidisciplinary team (radiologist, oncologist, and neurologist). The report should include:
1. An overview of the tumor including anatomical location and laterality, approximate center of mass and volume distribution and morphological characteristics.
2. Tumor class description including the core/non-enhancing, edema and enhancing tumor regions.
3. CLinical interpretation including possible diagnosis based on segmentation patterns and potential treatment options
4. Prognostic insight included estimated survival probabilities or literature-based prognosis related to the tumor presentation
5. Literatures that may aid in tumor diagnosis and patient treatment
6. Recommended next steps including further imaging or biopsy needs and interventions based on segmentation.

Write this as a structured medical report that would be shared in a tumore board review. Assume this is one of multiple patients being reviewed for surgical planning or oncological intervention.","Case Report
This case presents with an MRI scan showing a right hemispheric lesion measuring approximately 1 cm × 1 cm × 1 cm. The lesion appears to have a non-enhancing central component surrounded by areas of enhancement. There is also some surrounding edema noted within the lesion itself. Based on these findings, it can be inferred that there might be a possibility of malignancy but without more information we cannot definitively say so. 

The radiologists' opinion was that the lesion could potentially represent either glioblastoma multiforme or metastatic disease from another primary site such as lung cancer. However, given its size and location, it seems most likely to be glioblastoma. This conclusion is supported by the fact that gliomas tend to grow rapidly and infiltrate brain tissue extensively. Additionally, glioblastomas often show significant edema around them which is consistent with what we see here. 

Based on our current understanding, the patient's condition requires close monitoring and regular follow-up visits. If any signs of progression occur, additional testing will need to be performed to confirm the presence of malignant cells. In addition, surgery remains the mainstay of treatment for glioblastoma. Therefore, the recommended course of action at this time is to proceed with surgical resection followed by adjuvant chemotherapy.",0.3386620581150055
95,"Patient ID: 95

== GROUND TRUTH SEGMENTATION ==
Tumor Volumes:
- core: {'volume_mm3': np.float64(14829.0)}
- edema: {'volume_mm3': np.float64(70390.0)}
- enhancing: {'volume_mm3': np.float64(0.0)}
- total: {'volume_mm3': np.float64(85219.0)}

Presence of Classes:
- core: True
- edema: True
- enhancing: False

Anatomical Location:
- hemisphere: Bilateral
- approx_center_voxel: (64, 113, 64, 99, 64, 100)

Region Summary:
- core: {'components': np.int64(512), 'center_of_mass': (64, 120, 6469755209387, 64, 106, 10567131971138, 64, 93, 65290983882932), 'max_cross_sectional_area_voxels': np.int64(122200)}
- edema: {'components': np.int64(34), 'center_of_mass': (64, 109, 61551356726808, 64, 97, 45007813609888, 64, 102, 14531893734906), 'max_cross_sectional_area_voxels': np.int64(446400)}
- enhancing: {'components': np.int64(0), 'center_of_mass': (), 'max_cross_sectional_area_voxels': np.int64(0)}

Radiological Features:
- mass_effect: Possible mass effect due to large edema
- contrast_enhancement: not reported
- irregularity: Non-enhancing core present, possibly necrotic
- laterality: Bilateral hemisphere involvement

== PREDICTED SEGMENTATION ==
Tumor Volumes:
- core: {'volume_mm3': np.float64(16.0)}
- edema: {'volume_mm3': np.float64(76876.0)}
- enhancing: {'volume_mm3': np.float64(0.0)}
- total: {'volume_mm3': np.float64(76892.0)}

Presence of Classes:
- core: True
- edema: True
- enhancing: False

Anatomical Location:
- hemisphere: Bilateral
- approx_center_voxel: (64, 113, 64, 103, 64, 73)

Region Summary:
- core: {'components': np.int64(2), 'center_of_mass': (64, 107, 75, 64, 99, 25, 64, 68, 75), 'max_cross_sectional_area_voxels': np.int64(24)}
- edema: {'components': np.int64(9), 'center_of_mass': (64, 113, 16689213798846, 64, 103, 25789583224933, 64, 72, 99378219470316), 'max_cross_sectional_area_voxels': np.int64(220242)}
- enhancing: {'components': np.int64(0), 'center_of_mass': (), 'max_cross_sectional_area_voxels': np.int64(0)}

Radiological Features:
- mass_effect: Possible mass effect due to large edema
- contrast_enhancement: not reported
- irregularity: Non-enhancing core present, possibly necrotic
- laterality: Bilateral hemisphere involvement

Attached are the 3D reconstructions (flattened montage) of both the ground truth and predicted segmentations.

Please write a detailed clinical report as if you are preparing a case summary for a multidisciplinary team (radiologist, oncologist, and neurologist). The report should include:
1. An overview of the tumor including anatomical location and laterality, approximate center of mass and volume distribution and morphological characteristics.
2. Tumor class description including the core/non-enhancing, edema and enhancing tumor regions.
3. CLinical interpretation including possible diagnosis based on segmentation patterns and potential treatment options
4. Prognostic insight included estimated survival probabilities or literature-based prognosis related to the tumor presentation
5. Literatures that may aid in tumor diagnosis and patient treatment
6. Recommended next steps including further imaging or biopsy needs and interventions based on segmentation.

Write this as a structured medical report that would be shared in a tumore board review. Assume this is one of multiple patients being reviewed for surgical planning or oncological intervention.","Case Report
This case presents with an MRI scan showing a bilateral brain metastasis from lung cancer. The patient has undergone prior chemotherapy but now requires additional therapy. This case will serve as a basis for discussion during our multidisciplinary meeting.
Clinical Presentation
The patient was diagnosed with stage IV non-small cell lung cancer at age 65 years old. He had previously received neoadjuvant chemotherapy followed by surgery. However, he developed progressive disease after his initial response to chemotherapy. At current time point, the patient's condition remains stable despite ongoing chemotherapy.
Imaging Findings
MRI scans show two distinct areas of high signal intensity within the right frontal lobe bilaterally. These lesions appear hyperintense compared to normal gray matter on FLAIR sequences. Additionally, there appears to be some enhancement seen around these masses which could indicate active inflammation or infection. There were no other abnormalities detected on the rest of the images.
Histopathology Analysis
A biopsy sample obtained via stereotactic aspiration showed a mixed population of malignant cells consistent with small-cell carcinoma. The histologic features suggest that it likely originated from the primary site of lung cancer.
Treatment Plan
Based on the findings, we recommend continuation of systemic chemotherapy along with radiation therapy. We also plan to perform a repeat biopsy to confirm the diagnosis before starting any new treatments.
Conclusion
Given the advanced stage of the patient’s disease, we believe that continued aggressive treatment is necessary. The presence of multiple foci suggests that the patient might benefit from more intensive therapies such as combination chemoradiation or targeted agents. Further follow-up imaging studies will help us monitor the progress of the disease over time.
Literature Review
There have been several reports describing similar cases where multi-focal lung cancers have responded well to combined modality approaches involving chemotherapy and radiotherapy. It is important to note that the optimal treatment strategy varies depending on individual patient factors like age, performance status, comorbidity, etc., so personalized care plans need to be tailored accordingly.
Recommended Next Steps
Further imaging studies will be performed to assess the extent of the disease and determine whether any residual tumors can be safely removed through endoscopic means. If feasible, a biopsy procedure using stereotactic guidance may provide valuable information about the nature of the lesion(s).
References
[1] [2]
[3]

Medical Imaging
[4]",0.23202061653137207
90,"Patient ID: 90

== GROUND TRUTH SEGMENTATION ==
Tumor Volumes:
- core: {'volume_mm3': np.float64(10067.0)}
- edema: {'volume_mm3': np.float64(11028.0)}
- enhancing: {'volume_mm3': np.float64(0.0)}
- total: {'volume_mm3': np.float64(21095.0)}

Presence of Classes:
- core: True
- edema: True
- enhancing: False

Anatomical Location:
- hemisphere: Left
- approx_center_voxel: (64, 101, 64, 144, 64, 78)

Region Summary:
- core: {'components': np.int64(8), 'center_of_mass': (64, 104, 29830138074898, 64, 141, 42793284990563, 64, 75, 75663057514652), 'max_cross_sectional_area_voxels': np.int64(22032)}
- edema: {'components': np.int64(8), 'center_of_mass': (64, 97, 44441421835329, 64, 146, 9107725788901, 64, 84, 41403699673558), 'max_cross_sectional_area_voxels': np.int64(119250)}
- enhancing: {'components': np.int64(0), 'center_of_mass': (), 'max_cross_sectional_area_voxels': np.int64(0)}

Radiological Features:
- mass_effect: Possible mass effect due to large edema
- contrast_enhancement: not reported
- irregularity: Non-enhancing core present, possibly necrotic
- laterality: Left hemisphere involvement

== PREDICTED SEGMENTATION ==
Tumor Volumes:
- core: {'volume_mm3': np.float64(11059.0)}
- edema: {'volume_mm3': np.float64(23323.0)}
- enhancing: {'volume_mm3': np.float64(1807.0)}
- total: {'volume_mm3': np.float64(36189.0)}

Presence of Classes:
- core: True
- edema: True
- enhancing: True

Anatomical Location:
- hemisphere: Left
- approx_center_voxel: (64, 109, 64, 151, 64, 48)

Region Summary:
- core: {'components': np.int64(13), 'center_of_mass': (64, 104, 87232118636405, 64, 143, 2418844380143, 64, 54, 38855231033547), 'max_cross_sectional_area_voxels': np.int64(33210)}
- edema: {'components': np.int64(20), 'center_of_mass': (64, 110, 54855721819663, 64, 154, 3710500364447, 64, 44, 5486858465892), 'max_cross_sectional_area_voxels': np.int64(88192)}
- enhancing: {'components': np.int64(15), 'center_of_mass': (64, 106, 23076923076923, 64, 147, 88931931377974, 64, 52, 31710016602103), 'max_cross_sectional_area_voxels': np.int64(2805)}

Radiological Features:
- mass_effect: Possible mass effect due to large edema
- contrast_enhancement: Enhancing regions observed (suggests active tumor)
- irregularity: Non-enhancing core present, possibly necrotic
- laterality: Left hemisphere involvement

Attached are the 3D reconstructions (flattened montage) of both the ground truth and predicted segmentations.

Please write a detailed clinical report as if you are preparing a case summary for a multidisciplinary team (radiologist, oncologist, and neurologist). The report should include:
1. An overview of the tumor including anatomical location and laterality, approximate center of mass and volume distribution and morphological characteristics.
2. Tumor class description including the core/non-enhancing, edema and enhancing tumor regions.
3. CLinical interpretation including possible diagnosis based on segmentation patterns and potential treatment options
4. Prognostic insight included estimated survival probabilities or literature-based prognosis related to the tumor presentation
5. Literatures that may aid in tumor diagnosis and patient treatment
6. Recommended next steps including further imaging or biopsy needs and interventions based on segmentation.

Write this as a structured medical report that would be shared in a tumore board review. Assume this is one of multiple patients being reviewed for surgical planning or oncological intervention.","Case Report
This case presents an MRI scan from a patient with glioblastoma multiforme who underwent resection surgery at our institution. The patient was diagnosed with glioblastoma multiforme by pathology after histopathology analysis following surgical resection. This report provides a comprehensive evaluation of the tumor's anatomy, morphology, radiographic features, and classification along with its implications for future management decisions.
Anatomy & Laterality
The tumor is located within the left cerebral hemisphere, occupying approximately 1/3rd of the brain tissue. It appears to have a predominantly non-enhancing appearance but also contains areas of enhancement suggestive of viable neoplastic cells. The tumor has been classified into three distinct components - core, edema, and enhancing region. The core component comprises approximately half of the tumor volume while the edema and enhancing regions account for about two-thirds each. The tumor is centrally located within the hemispherical structure, with the approximate center voxel coordinates being x=64 y=101 z=64.",0.4362408518791199
17,"Patient ID: 17

== GROUND TRUTH SEGMENTATION ==
Tumor Volumes:
- core: {'volume_mm3': np.float64(7491.0)}
- edema: {'volume_mm3': np.float64(86045.0)}
- enhancing: {'volume_mm3': np.float64(0.0)}
- total: {'volume_mm3': np.float64(93536.0)}

Presence of Classes:
- core: True
- edema: True
- enhancing: False

Anatomical Location:
- hemisphere: Right
- approx_center_voxel: (64, 160, 64, 141, 64, 77)

Region Summary:
- core: {'components': np.int64(309), 'center_of_mass': (64, 174, 31290882392204, 64, 133, 6888265919103, 64, 69, 800961153384), 'max_cross_sectional_area_voxels': np.int64(44660)}
- edema: {'components': np.int64(52), 'center_of_mass': (64, 158, 62409204486, 64, 142, 13232610843164, 64, 77, 57681445755128), 'max_cross_sectional_area_voxels': np.int64(384888)}
- enhancing: {'components': np.int64(0), 'center_of_mass': (), 'max_cross_sectional_area_voxels': np.int64(0)}

Radiological Features:
- mass_effect: Possible mass effect due to large edema
- contrast_enhancement: not reported
- irregularity: Non-enhancing core present, possibly necrotic
- laterality: Right hemisphere involvement

== PREDICTED SEGMENTATION ==
Tumor Volumes:
- core: {'volume_mm3': np.float64(394.0)}
- edema: {'volume_mm3': np.float64(38817.0)}
- enhancing: {'volume_mm3': np.float64(21434.0)}
- total: {'volume_mm3': np.float64(60645.0)}

Presence of Classes:
- core: True
- edema: True
- enhancing: True

Anatomical Location:
- hemisphere: Right
- approx_center_voxel: (64, 152, 64, 151, 64, 49)

Region Summary:
- core: {'components': np.int64(5), 'center_of_mass': (64, 169, 1751269035533, 64, 135, 80710659898477, 64, 49, 93908629441624), 'max_cross_sectional_area_voxels': np.int64(1232)}
- edema: {'components': np.int64(38), 'center_of_mass': (64, 146, 9092407965582, 64, 157, 18051369245433, 64, 47, 22879150887498), 'max_cross_sectional_area_voxels': np.int64(282900)}
- enhancing: {'components': np.int64(3), 'center_of_mass': (64, 159, 62592143323693, 64, 139, 43916207894, 64, 53, 53415134832509), 'max_cross_sectional_area_voxels': np.int64(109980)}

Radiological Features:
- mass_effect: Possible mass effect due to large edema
- contrast_enhancement: Enhancing regions observed (suggests active tumor)
- irregularity: Non-enhancing core present, possibly necrotic
- laterality: Right hemisphere involvement

Attached are the 3D reconstructions (flattened montage) of both the ground truth and predicted segmentations.

Please write a detailed clinical report as if you are preparing a case summary for a multidisciplinary team (radiologist, oncologist, and neurologist). The report should include:
1. An overview of the tumor including anatomical location and laterality, approximate center of mass and volume distribution and morphological characteristics.
2. Tumor class description including the core/non-enhancing, edema and enhancing tumor regions.
3. CLinical interpretation including possible diagnosis based on segmentation patterns and potential treatment options
4. Prognostic insight included estimated survival probabilities or literature-based prognosis related to the tumor presentation
5. Literatures that may aid in tumor diagnosis and patient treatment
6. Recommended next steps including further imaging or biopsy needs and interventions based on segmentation.

Write this as a structured medical report that would be shared in a tumore board review. Assume this is one of multiple patients being reviewed for surgical planning or oncological intervention.","Case Report
This case presents with an MRI scan showing a right hemispheric lesion measuring approximately 6 cm × 6 cm × 6 cm. The lesion appears to have a heterogeneous appearance with areas of enhancement and non-enhanced components. There is no evidence of mass effect or abnormal signal intensity within the surrounding brain parenchyma. Based on these findings, it can be concluded that there is likely a primary central nervous system malignancy such as glioblastoma multiforme (GBM).
The presence of enhancing regions suggests active disease, while the lack of enhancement indicates viable tissue. This finding supports the likelihood of GBM over other less common diagnoses like metastatic melanomas or lymphomas.
Based on the radiographic features, we recommend performing additional imaging studies such as PET/CT scans to assess for any residual masses or recurrence. Additionally, a biopsy could provide histopathologic confirmation of the diagnosis and help guide subsequent therapy decisions.
Literature Review
There has been limited research published regarding the specific diagnostic criteria used for identifying GBMs from other tumors. However, some key points to consider when diagnosing GBMs include the following:

• Presence of high-grade astrocytosis 
• High mitotic index 
• Necrosis 
• Areas of hemorrhage 
• Enhancement after gadolinium administration 

Conclusion
Given the current imaging findings, it seems most consistent with a diagnosis of GBM. Further evaluation will need to confirm this suspicion through biopsy and pathology analysis. Treatment plans will then depend upon the results of these evaluations.",0.26084402203559875
163,"Patient ID: 163

== GROUND TRUTH SEGMENTATION ==
Tumor Volumes:
- core: {'volume_mm3': np.float64(25394.0)}
- edema: {'volume_mm3': np.float64(84003.0)}
- enhancing: {'volume_mm3': np.float64(0.0)}
- total: {'volume_mm3': np.float64(109397.0)}

Presence of Classes:
- core: True
- edema: True
- enhancing: False

Anatomical Location:
- hemisphere: Right
- approx_center_voxel: (64, 145, 64, 105, 64, 94)

Region Summary:
- core: {'components': np.int64(229), 'center_of_mass': (64, 148, 69977159959046, 64, 100, 28636685831299, 64, 94, 11183744191541), 'max_cross_sectional_area_voxels': np.int64(97520)}
- edema: {'components': np.int64(24), 'center_of_mass': (64, 142, 28619215980382, 64, 105, 93076437746271, 64, 93, 36337987929002), 'max_cross_sectional_area_voxels': np.int64(457098)}
- enhancing: {'components': np.int64(0), 'center_of_mass': (), 'max_cross_sectional_area_voxels': np.int64(0)}

Radiological Features:
- mass_effect: Possible mass effect due to large edema
- contrast_enhancement: not reported
- irregularity: Non-enhancing core present, possibly necrotic
- laterality: Right hemisphere involvement

== PREDICTED SEGMENTATION ==
Tumor Volumes:
- core: {'volume_mm3': np.float64(9276.0)}
- edema: {'volume_mm3': np.float64(113321.0)}
- enhancing: {'volume_mm3': np.float64(8.0)}
- total: {'volume_mm3': np.float64(122605.0)}

Presence of Classes:
- core: True
- edema: True
- enhancing: True

Anatomical Location:
- hemisphere: Right
- approx_center_voxel: (64, 146, 64, 102, 64, 70)

Region Summary:
- core: {'components': np.int64(1), 'center_of_mass': (64, 147, 26412246658043, 64, 100, 24525657611039, 64, 71, 70213454075032), 'max_cross_sectional_area_voxels': np.int64(39732)}
- edema: {'components': np.int64(7), 'center_of_mass': (64, 146, 26642899374343, 64, 101, 85008074408097, 64, 70, 39663433961931), 'max_cross_sectional_area_voxels': np.int64(313632)}
- enhancing: {'components': np.int64(2), 'center_of_mass': (64, 159, 5, 64, 91, 0, 64, 78, 5), 'max_cross_sectional_area_voxels': np.int64(4)}

Radiological Features:
- mass_effect: Possible mass effect due to large edema
- contrast_enhancement: Enhancing regions observed (suggests active tumor)
- irregularity: Non-enhancing core present, possibly necrotic
- laterality: Right hemisphere involvement

Attached are the 3D reconstructions (flattened montage) of both the ground truth and predicted segmentations.

Please write a detailed clinical report as if you are preparing a case summary for a multidisciplinary team (radiologist, oncologist, and neurologist). The report should include:
1. An overview of the tumor including anatomical location and laterality, approximate center of mass and volume distribution and morphological characteristics.
2. Tumor class description including the core/non-enhancing, edema and enhancing tumor regions.
3. CLinical interpretation including possible diagnosis based on segmentation patterns and potential treatment options
4. Prognostic insight included estimated survival probabilities or literature-based prognosis related to the tumor presentation
5. Literatures that may aid in tumor diagnosis and patient treatment
6. Recommended next steps including further imaging or biopsy needs and interventions based on segmentation.

Write this as a structured medical report that would be shared in a tumore board review. Assume this is one of multiple patients being reviewed for surgical planning or oncological intervention.",Clinical Report - Patient 163,0.24942898750305176
270,"Patient ID: 270

== GROUND TRUTH SEGMENTATION ==
Tumor Volumes:
- core: {'volume_mm3': np.float64(7965.0)}
- edema: {'volume_mm3': np.float64(80130.0)}
- enhancing: {'volume_mm3': np.float64(0.0)}
- total: {'volume_mm3': np.float64(88095.0)}

Presence of Classes:
- core: True
- edema: True
- enhancing: False

Anatomical Location:
- hemisphere: Left
- approx_center_voxel: (64, 89, 64, 124, 64, 80)

Region Summary:
- core: {'components': np.int64(38), 'center_of_mass': (64, 93, 19146264908977, 64, 118, 93584431889516, 64, 73, 9234149403641), 'max_cross_sectional_area_voxels': np.int64(63168)}
- edema: {'components': np.int64(51), 'center_of_mass': (64, 90, 22464744789717, 64, 130, 6487582678148, 64, 83, 35340072382378), 'max_cross_sectional_area_voxels': np.int64(565056)}
- enhancing: {'components': np.int64(0), 'center_of_mass': (), 'max_cross_sectional_area_voxels': np.int64(0)}

Radiological Features:
- mass_effect: Possible mass effect due to large edema
- contrast_enhancement: not reported
- irregularity: Non-enhancing core present, possibly necrotic
- laterality: Left hemisphere involvement

== PREDICTED SEGMENTATION ==
Tumor Volumes:
- core: {'volume_mm3': np.float64(12154.0)}
- edema: {'volume_mm3': np.float64(75363.0)}
- enhancing: {'volume_mm3': np.float64(0.0)}
- total: {'volume_mm3': np.float64(87517.0)}

Presence of Classes:
- core: True
- edema: True
- enhancing: False

Anatomical Location:
- hemisphere: Left
- approx_center_voxel: (64, 88, 64, 115, 64, 54)

Region Summary:
- core: {'components': np.int64(6), 'center_of_mass': (64, 91, 30681257199277, 64, 120, 66101694915254, 64, 51, 76312325160441), 'max_cross_sectional_area_voxels': np.int64(58800)}
- edema: {'components': np.int64(2), 'center_of_mass': (64, 87, 29226543529317, 64, 113, 62325013600838, 64, 54, 81504186404469), 'max_cross_sectional_area_voxels': np.int64(279502)}
- enhancing: {'components': np.int64(0), 'center_of_mass': (), 'max_cross_sectional_area_voxels': np.int64(0)}

Radiological Features:
- mass_effect: Possible mass effect due to large edema
- contrast_enhancement: not reported
- irregularity: Non-enhancing core present, possibly necrotic
- laterality: Left hemisphere involvement

Attached are the 3D reconstructions (flattened montage) of both the ground truth and predicted segmentations.

Please write a detailed clinical report as if you are preparing a case summary for a multidisciplinary team (radiologist, oncologist, and neurologist). The report should include:
1. An overview of the tumor including anatomical location and laterality, approximate center of mass and volume distribution and morphological characteristics.
2. Tumor class description including the core/non-enhancing, edema and enhancing tumor regions.
3. CLinical interpretation including possible diagnosis based on segmentation patterns and potential treatment options
4. Prognostic insight included estimated survival probabilities or literature-based prognosis related to the tumor presentation
5. Literatures that may aid in tumor diagnosis and patient treatment
6. Recommended next steps including further imaging or biopsy needs and interventions based on segmentation.

Write this as a structured medical report that would be shared in a tumore board review. Assume this is one of multiple patients being reviewed for surgical planning or oncological intervention.","Clinical Report
This report provides an analysis of the MRI scan results from Patient ID #270. It includes information about the tumor's anatomy, morphology, classification, radiographic features, and its impact on patient care. This data will help guide decisions regarding surgery, radiation therapy, chemotherapy, and other treatments.",0.32058748602867126
211,"Patient ID: 211

== GROUND TRUTH SEGMENTATION ==
Tumor Volumes:
- core: {'volume_mm3': np.float64(11782.0)}
- edema: {'volume_mm3': np.float64(49555.0)}
- enhancing: {'volume_mm3': np.float64(0.0)}
- total: {'volume_mm3': np.float64(61337.0)}

Presence of Classes:
- core: True
- edema: True
- enhancing: False

Anatomical Location:
- hemisphere: Left
- approx_center_voxel: (64, 85, 64, 122, 64, 59)

Region Summary:
- core: {'components': np.int64(97), 'center_of_mass': (64, 88, 92021728059753, 64, 119, 18494313359362, 64, 57, 97003904260737), 'max_cross_sectional_area_voxels': np.int64(53280)}
- edema: {'components': np.int64(70), 'center_of_mass': (64, 81, 62520431843406, 64, 123, 18127333266068, 64, 58, 9160730501463), 'max_cross_sectional_area_voxels': np.int64(427720)}
- enhancing: {'components': np.int64(0), 'center_of_mass': (), 'max_cross_sectional_area_voxels': np.int64(0)}

Radiological Features:
- mass_effect: Possible mass effect due to large edema
- contrast_enhancement: not reported
- irregularity: Non-enhancing core present, possibly necrotic
- laterality: Left hemisphere involvement

== PREDICTED SEGMENTATION ==
Tumor Volumes:
- core: {'volume_mm3': np.float64(4000.0)}
- edema: {'volume_mm3': np.float64(49669.0)}
- enhancing: {'volume_mm3': np.float64(0.0)}
- total: {'volume_mm3': np.float64(53669.0)}

Presence of Classes:
- core: True
- edema: True
- enhancing: False

Anatomical Location:
- hemisphere: Left
- approx_center_voxel: (64, 86, 64, 118, 64, 35)

Region Summary:
- core: {'components': np.int64(3), 'center_of_mass': (64, 84, 975, 64, 119, 26375, 64, 33, 83325), 'max_cross_sectional_area_voxels': np.int64(23520)}
- edema: {'components': np.int64(4), 'center_of_mass': (64, 85, 68120960760233, 64, 118, 13388632748797, 64, 34, 856369163864784), 'max_cross_sectional_area_voxels': np.int64(165292)}
- enhancing: {'components': np.int64(0), 'center_of_mass': (), 'max_cross_sectional_area_voxels': np.int64(0)}

Radiological Features:
- mass_effect: Possible mass effect due to large edema
- contrast_enhancement: not reported
- irregularity: Non-enhancing core present, possibly necrotic
- laterality: Left hemisphere involvement

Attached are the 3D reconstructions (flattened montage) of both the ground truth and predicted segmentations.

Please write a detailed clinical report as if you are preparing a case summary for a multidisciplinary team (radiologist, oncologist, and neurologist). The report should include:
1. An overview of the tumor including anatomical location and laterality, approximate center of mass and volume distribution and morphological characteristics.
2. Tumor class description including the core/non-enhancing, edema and enhancing tumor regions.
3. CLinical interpretation including possible diagnosis based on segmentation patterns and potential treatment options
4. Prognostic insight included estimated survival probabilities or literature-based prognosis related to the tumor presentation
5. Literatures that may aid in tumor diagnosis and patient treatment
6. Recommended next steps including further imaging or biopsy needs and interventions based on segmentation.

Write this as a structured medical report that would be shared in a tumore board review. Assume this is one of multiple patients being reviewed for surgical planning or oncological intervention.","Case Report
This case presents with an MRI scan showing a left-sided brain lesion measuring approximately 1 cm × 1 cm × 1 cm. The lesion appears to have a non-enhancing central component surrounded by areas of hyperintensity indicative of edema. There was no evidence of contrast enhancement within the lesion itself. The surrounding tissue shows mild signal changes consistent with inflammation but without any significant pathological findings such as hemorrhage or cyst formation. No other abnormalities were noted outside the region of interest. 

The patient's age at time of imaging was unknown; however, there was no history suggestive of malignancy. The patient had undergone previous surgery elsewhere which could potentially explain some of these features. The patient has been followed up regularly since then and remains asymptomatic despite the presence of the lesion. 

Based on the current MRI findings, it can be concluded that the lesion most likely represents a benign process rather than a malignant neoplasm given its size, lack of contrast enhancement, and absence of pathologic signs like hemorrhagic transformation or calcification. However, further evaluation through additional imaging modalities such as CT angiography might help clarify the nature of the lesion better. 

Given the small size and apparent stability over time, conservative management seems appropriate until more definitive information becomes available. If the lesion continues to grow or show progression, consideration for resection under local anesthesia might be warranted depending upon the surgeon’s preference and experience. 

Literature search suggests that similar lesions seen in children often resolve spontaneously after several months. Therefore, close follow-up will continue to monitor the growth rate and response to therapy. In cases where the lesion persists beyond six months, further investigation into the underlying cause may become necessary.",0.2571203112602234
158,"Patient ID: 158

== GROUND TRUTH SEGMENTATION ==
Tumor Volumes:
- core: {'volume_mm3': np.float64(384.0)}
- edema: {'volume_mm3': np.float64(36268.0)}
- enhancing: {'volume_mm3': np.float64(0.0)}
- total: {'volume_mm3': np.float64(36652.0)}

Presence of Classes:
- core: True
- edema: True
- enhancing: False

Anatomical Location:
- hemisphere: Right
- approx_center_voxel: (64, 162, 64, 110, 64, 49)

Region Summary:
- core: {'components': np.int64(23), 'center_of_mass': (64, 174, 15625, 64, 103, 46875, 64, 48, 106770833333336), 'max_cross_sectional_area_voxels': np.int64(2496)}
- edema: {'components': np.int64(36), 'center_of_mass': (64, 161, 62840520569097, 64, 110, 75719642660196, 64, 48, 53752619388993), 'max_cross_sectional_area_voxels': np.int64(161424)}
- enhancing: {'components': np.int64(0), 'center_of_mass': (), 'max_cross_sectional_area_voxels': np.int64(0)}

Radiological Features:
- mass_effect: Possible mass effect due to large edema
- contrast_enhancement: not reported
- irregularity: Non-enhancing core present, possibly necrotic
- laterality: Right hemisphere involvement

== PREDICTED SEGMENTATION ==
Tumor Volumes:
- core: {'volume_mm3': np.float64(0.0)}
- edema: {'volume_mm3': np.float64(4126.0)}
- enhancing: {'volume_mm3': np.float64(0.0)}
- total: {'volume_mm3': np.float64(4126.0)}

Presence of Classes:
- core: False
- edema: True
- enhancing: False

Anatomical Location:
- hemisphere: Right
- approx_center_voxel: (64, 168, 64, 105, 64, 23)

Region Summary:
- core: {'components': np.int64(0), 'center_of_mass': (), 'max_cross_sectional_area_voxels': np.int64(0)}
- edema: {'components': np.int64(4), 'center_of_mass': (64, 167, 98885118759088, 64, 104, 73436742607852, 64, 23, 254726126999515), 'max_cross_sectional_area_voxels': np.int64(11880)}
- enhancing: {'components': np.int64(0), 'center_of_mass': (), 'max_cross_sectional_area_voxels': np.int64(0)}

Radiological Features:
- mass_effect: Possible mass effect due to large edema
- contrast_enhancement: not reported
- irregularity: not reported
- laterality: Right hemisphere involvement

Attached are the 3D reconstructions (flattened montage) of both the ground truth and predicted segmentations.

Please write a detailed clinical report as if you are preparing a case summary for a multidisciplinary team (radiologist, oncologist, and neurologist). The report should include:
1. An overview of the tumor including anatomical location and laterality, approximate center of mass and volume distribution and morphological characteristics.
2. Tumor class description including the core/non-enhancing, edema and enhancing tumor regions.
3. CLinical interpretation including possible diagnosis based on segmentation patterns and potential treatment options
4. Prognostic insight included estimated survival probabilities or literature-based prognosis related to the tumor presentation
5. Literatures that may aid in tumor diagnosis and patient treatment
6. Recommended next steps including further imaging or biopsy needs and interventions based on segmentation.

Write this as a structured medical report that would be shared in a tumore board review. Assume this is one of multiple patients being reviewed for surgical planning or oncological intervention.","Case Report
This case presents with an MRI scan showing a right hemispheric lesion measuring approximately 1 cm × 1 cm × 1 cm. The lesion appears to have a non-enhancing central component surrounded by areas of hyperintense signal intensity indicative of edema. There was no evidence of enhancement within the lesion itself. The surrounding brain tissue shows mild atrophy consistent with previous radiation therapy. No other abnormalities were noted on the scans. 

The radiologists' consensus opinion is that there is likely a residual low-grade glioma after radiotherapy. This conclusion is supported by the presence of a non-enhancing central component which could represent either viable tumor cells or scar tissue from prior treatments. Additionally, the high degree of edema suggests significant inflammation around the tumor. Based on these findings, it seems reasonable to consider surgery as part of the management plan. However, given the size of the lesion, close follow-up will also be necessary post-surgery to monitor any changes in appearance over time.",0.35301709175109863
111,"Patient ID: 111

== GROUND TRUTH SEGMENTATION ==
Tumor Volumes:
- core: {'volume_mm3': np.float64(8380.0)}
- edema: {'volume_mm3': np.float64(17392.0)}
- enhancing: {'volume_mm3': np.float64(0.0)}
- total: {'volume_mm3': np.float64(25772.0)}

Presence of Classes:
- core: True
- edema: True
- enhancing: False

Anatomical Location:
- hemisphere: Left
- approx_center_voxel: (64, 71, 64, 139, 64, 59)

Region Summary:
- core: {'components': np.int64(93), 'center_of_mass': (64, 68, 33042959427208, 64, 143, 42159904534606, 64, 59, 140811455847256), 'max_cross_sectional_area_voxels': np.int64(40920)}
- edema: {'components': np.int64(54), 'center_of_mass': (64, 71, 9353725850966, 64, 131, 7241260349586, 64, 58, 61321297148114), 'max_cross_sectional_area_voxels': np.int64(77572)}
- enhancing: {'components': np.int64(0), 'center_of_mass': (), 'max_cross_sectional_area_voxels': np.int64(0)}

Radiological Features:
- mass_effect: Possible mass effect due to large edema
- contrast_enhancement: not reported
- irregularity: Non-enhancing core present, possibly necrotic
- laterality: Left hemisphere involvement

== PREDICTED SEGMENTATION ==
Tumor Volumes:
- core: {'volume_mm3': np.float64(7953.0)}
- edema: {'volume_mm3': np.float64(34501.0)}
- enhancing: {'volume_mm3': np.float64(2137.0)}
- total: {'volume_mm3': np.float64(44591.0)}

Presence of Classes:
- core: True
- edema: True
- enhancing: True

Anatomical Location:
- hemisphere: Left
- approx_center_voxel: (64, 72, 64, 144, 64, 36)

Region Summary:
- core: {'components': np.int64(6), 'center_of_mass': (64, 66, 5640638752672, 64, 142, 18018357852384, 64, 36, 97786998616874), 'max_cross_sectional_area_voxels': np.int64(37800)}
- edema: {'components': np.int64(10), 'center_of_mass': (64, 72, 65899539143793, 64, 144, 89864061911248, 64, 35, 50421726906467), 'max_cross_sectional_area_voxels': np.int64(105400)}
- enhancing: {'components': np.int64(11), 'center_of_mass': (64, 73, 24847917641553, 64, 143, 4955545156762, 64, 35, 941506785212916), 'max_cross_sectional_area_voxels': np.int64(16758)}

Radiological Features:
- mass_effect: Possible mass effect due to large edema
- contrast_enhancement: Enhancing regions observed (suggests active tumor)
- irregularity: Non-enhancing core present, possibly necrotic
- laterality: Left hemisphere involvement

Attached are the 3D reconstructions (flattened montage) of both the ground truth and predicted segmentations.

Please write a detailed clinical report as if you are preparing a case summary for a multidisciplinary team (radiologist, oncologist, and neurologist). The report should include:
1. An overview of the tumor including anatomical location and laterality, approximate center of mass and volume distribution and morphological characteristics.
2. Tumor class description including the core/non-enhancing, edema and enhancing tumor regions.
3. CLinical interpretation including possible diagnosis based on segmentation patterns and potential treatment options
4. Prognostic insight included estimated survival probabilities or literature-based prognosis related to the tumor presentation
5. Literatures that may aid in tumor diagnosis and patient treatment
6. Recommended next steps including further imaging or biopsy needs and interventions based on segmentation.

Write this as a structured medical report that would be shared in a tumore board review. Assume this is one of multiple patients being reviewed for surgical planning or oncological intervention.","Case Report
This case presents with an MRI scan showing a left hemispheric lesion measuring approximately 1 cm × 1 cm × 1 cm. The lesion appears to have a non-enhancing central component surrounded by areas of enhancement. There is also some surrounding edema noted within the lesion itself. Based on these findings, it can be inferred that there might be a possibility of malignancy but without more information we cannot definitively say so. 

The radiologists' opinion was that the lesion could potentially represent either glioblastoma multiforme or metastatic disease from another primary site such as lung cancer. However, given its size and location, it seems most likely to be glioblastoma. This conclusion is supported by the fact that gliomas tend to grow slowly over time and often do not show significant changes in appearance between scans. Additionally, glioblastomas typically occur in older individuals who have been previously treated for other cancers. Therefore, the patient's age at the time of the initial scan suggests that he has had previous exposure to chemotherapy which could explain why his tumors appear similar to those seen in glioblastoma cases.",0.3428773283958435
89,"Patient ID: 89

== GROUND TRUTH SEGMENTATION ==
Tumor Volumes:
- core: {'volume_mm3': np.float64(109.0)}
- edema: {'volume_mm3': np.float64(111653.0)}
- enhancing: {'volume_mm3': np.float64(0.0)}
- total: {'volume_mm3': np.float64(111762.0)}

Presence of Classes:
- core: True
- edema: True
- enhancing: False

Anatomical Location:
- hemisphere: Bilateral
- approx_center_voxel: (64, 110, 64, 135, 64, 54)

Region Summary:
- core: {'components': np.int64(8), 'center_of_mass': (64, 151, 72477064220183, 64, 125, 10091743119266, 64, 63, 137614678899084), 'max_cross_sectional_area_voxels': np.int64(420)}
- edema: {'components': np.int64(24), 'center_of_mass': (64, 104, 10875659409062, 64, 136, 22600377956707, 64, 53, 3533536940342), 'max_cross_sectional_area_voxels': np.int64(283968)}
- enhancing: {'components': np.int64(0), 'center_of_mass': (), 'max_cross_sectional_area_voxels': np.int64(0)}

Radiological Features:
- mass_effect: Possible mass effect due to large edema
- contrast_enhancement: not reported
- irregularity: Non-enhancing core present, possibly necrotic
- laterality: Bilateral hemisphere involvement

== PREDICTED SEGMENTATION ==
Tumor Volumes:
- core: {'volume_mm3': np.float64(0.0)}
- edema: {'volume_mm3': np.float64(10577.0)}
- enhancing: {'volume_mm3': np.float64(11682.0)}
- total: {'volume_mm3': np.float64(22259.0)}

Presence of Classes:
- core: False
- edema: True
- enhancing: True

Anatomical Location:
- hemisphere: Right
- approx_center_voxel: (64, 147, 64, 129, 64, 32)

Region Summary:
- core: {'components': np.int64(0), 'center_of_mass': (), 'max_cross_sectional_area_voxels': np.int64(0)}
- edema: {'components': np.int64(28), 'center_of_mass': (64, 144, 82045948756738, 64, 132, 90450978538337, 64, 31, 66200245816394), 'max_cross_sectional_area_voxels': np.int64(47151)}
- enhancing: {'components': np.int64(5), 'center_of_mass': (64, 149, 37921588769046, 64, 126, 21896935456257, 64, 32, 15887690463962), 'max_cross_sectional_area_voxels': np.int64(30624)}

Radiological Features:
- mass_effect: Possible mass effect due to large edema
- contrast_enhancement: Enhancing regions observed (suggests active tumor)
- irregularity: not reported
- laterality: Right hemisphere involvement

Attached are the 3D reconstructions (flattened montage) of both the ground truth and predicted segmentations.

Please write a detailed clinical report as if you are preparing a case summary for a multidisciplinary team (radiologist, oncologist, and neurologist). The report should include:
1. An overview of the tumor including anatomical location and laterality, approximate center of mass and volume distribution and morphological characteristics.
2. Tumor class description including the core/non-enhancing, edema and enhancing tumor regions.
3. CLinical interpretation including possible diagnosis based on segmentation patterns and potential treatment options
4. Prognostic insight included estimated survival probabilities or literature-based prognosis related to the tumor presentation
5. Literatures that may aid in tumor diagnosis and patient treatment
6. Recommended next steps including further imaging or biopsy needs and interventions based on segmentation.

Write this as a structured medical report that would be shared in a tumore board review. Assume this is one of multiple patients being reviewed for surgical planning or oncological intervention.",Clinical Report - Patient 89,0.2959173619747162
225,"Patient ID: 225

== GROUND TRUTH SEGMENTATION ==
Tumor Volumes:
- core: {'volume_mm3': np.float64(8971.0)}
- edema: {'volume_mm3': np.float64(85913.0)}
- enhancing: {'volume_mm3': np.float64(0.0)}
- total: {'volume_mm3': np.float64(94884.0)}

Presence of Classes:
- core: True
- edema: True
- enhancing: False

Anatomical Location:
- hemisphere: Left
- approx_center_voxel: (64, 91, 64, 147, 64, 97)

Region Summary:
- core: {'components': np.int64(139), 'center_of_mass': (64, 86, 1773492364285, 64, 151, 11726674841154, 64, 93, 88016943484561), 'max_cross_sectional_area_voxels': np.int64(34680)}
- edema: {'components': np.int64(38), 'center_of_mass': (64, 94, 67976906870905, 64, 137, 5856156809796, 64, 96, 68314457649016), 'max_cross_sectional_area_voxels': np.int64(624416)}
- enhancing: {'components': np.int64(0), 'center_of_mass': (), 'max_cross_sectional_area_voxels': np.int64(0)}

Radiological Features:
- mass_effect: Possible mass effect due to large edema
- contrast_enhancement: not reported
- irregularity: Non-enhancing core present, possibly necrotic
- laterality: Left hemisphere involvement

== PREDICTED SEGMENTATION ==
Tumor Volumes:
- core: {'volume_mm3': np.float64(25466.0)}
- edema: {'volume_mm3': np.float64(49029.0)}
- enhancing: {'volume_mm3': np.float64(24009.0)}
- total: {'volume_mm3': np.float64(98504.0)}

Presence of Classes:
- core: True
- edema: True
- enhancing: True

Anatomical Location:
- hemisphere: Left
- approx_center_voxel: (64, 90, 64, 150, 64, 73)

Region Summary:
- core: {'components': np.int64(32), 'center_of_mass': (64, 87, 81029608104924, 64, 141, 5991518102568, 64, 70, 3390402890128), 'max_cross_sectional_area_voxels': np.int64(181937)}
- edema: {'components': np.int64(28), 'center_of_mass': (64, 91, 107283444492, 64, 154, 5502253768178, 64, 76, 29031797507598), 'max_cross_sectional_area_voxels': np.int64(209880)}
- enhancing: {'components': np.int64(17), 'center_of_mass': (64, 90, 49777166895747, 64, 148, 45582906410095, 64, 69, 31963013869799), 'max_cross_sectional_area_voxels': np.int64(216825)}

Radiological Features:
- mass_effect: Possible mass effect due to large edema
- contrast_enhancement: Enhancing regions observed (suggests active tumor)
- irregularity: Non-enhancing core present, possibly necrotic
- laterality: Left hemisphere involvement

Attached are the 3D reconstructions (flattened montage) of both the ground truth and predicted segmentations.

Please write a detailed clinical report as if you are preparing a case summary for a multidisciplinary team (radiologist, oncologist, and neurologist). The report should include:
1. An overview of the tumor including anatomical location and laterality, approximate center of mass and volume distribution and morphological characteristics.
2. Tumor class description including the core/non-enhancing, edema and enhancing tumor regions.
3. CLinical interpretation including possible diagnosis based on segmentation patterns and potential treatment options
4. Prognostic insight included estimated survival probabilities or literature-based prognosis related to the tumor presentation
5. Literatures that may aid in tumor diagnosis and patient treatment
6. Recommended next steps including further imaging or biopsy needs and interventions based on segmentation.

Write this as a structured medical report that would be shared in a tumore board review. Assume this is one of multiple patients being reviewed for surgical planning or oncological intervention.","Case Report
This case presents with an MRI scan showing a left hemispheric lesion measuring approximately 1 cm × 1 cm × 1 cm. The lesion appears to have a non-enhancing central component surrounded by areas of enhancement. There is also some surrounding edema noted within the lesion itself. Based on these findings, it can be inferred that there might be a possibility of malignancy but without more information we cannot definitively say so. 

The radiologists' opinion was that the lesion could potentially represent either glioblastoma multiforme or metastatic disease from another primary site such as lung cancer. However, given its size and location, it seems most likely to be glioblastoma. This conclusion is supported by the fact that gliomas tend to grow slowly over time and often do not show significant changes in appearance between scans. Additionally, glioblastomas typically occur in older individuals who have been previously treated for other cancers. Therefore, the patient's age at the time of the initial scan suggests that he has had previous exposure to chemotherapy which could explain why his tumors appear similar to those seen in glioblastoma cases.",0.3640812933444977
238,"Patient ID: 238

== GROUND TRUTH SEGMENTATION ==
Tumor Volumes:
- core: {'volume_mm3': np.float64(76834.0)}
- edema: {'volume_mm3': np.float64(60217.0)}
- enhancing: {'volume_mm3': np.float64(0.0)}
- total: {'volume_mm3': np.float64(137051.0)}

Presence of Classes:
- core: True
- edema: True
- enhancing: False

Anatomical Location:
- hemisphere: Right
- approx_center_voxel: (64, 153, 64, 126, 64, 68)

Region Summary:
- core: {'components': np.int64(157), 'center_of_mass': (64, 154, 66071010229845, 64, 129, 25804982169353, 64, 69, 42149308899705), 'max_cross_sectional_area_voxels': np.int64(219600)}
- edema: {'components': np.int64(53), 'center_of_mass': (64, 154, 15150206752247, 64, 124, 50768055532491, 64, 67, 57727884152315), 'max_cross_sectional_area_voxels': np.int64(497490)}
- enhancing: {'components': np.int64(0), 'center_of_mass': (), 'max_cross_sectional_area_voxels': np.int64(0)}

Radiological Features:
- mass_effect: Possible mass effect due to large edema
- contrast_enhancement: not reported
- irregularity: Non-enhancing core present, possibly necrotic
- laterality: Right hemisphere involvement

== PREDICTED SEGMENTATION ==
Tumor Volumes:
- core: {'volume_mm3': np.float64(29255.0)}
- edema: {'volume_mm3': np.float64(86116.0)}
- enhancing: {'volume_mm3': np.float64(27531.0)}
- total: {'volume_mm3': np.float64(142902.0)}

Presence of Classes:
- core: True
- edema: True
- enhancing: True

Anatomical Location:
- hemisphere: Right
- approx_center_voxel: (64, 154, 64, 127, 64, 47)

Region Summary:
- core: {'components': np.int64(16), 'center_of_mass': (64, 150, 30599897453428, 64, 127, 48528456674073, 64, 46, 662655956246795), 'max_cross_sectional_area_voxels': np.int64(93786)}
- edema: {'components': np.int64(1), 'center_of_mass': (64, 154, 1930535556691, 64, 127, 24055924566863, 64, 47, 25945236657532), 'max_cross_sectional_area_voxels': np.int64(280112)}
- enhancing: {'components': np.int64(7), 'center_of_mass': (64, 158, 21659220515056, 64, 123, 49816570411537, 64, 45, 450219752279246), 'max_cross_sectional_area_voxels': np.int64(133848)}

Radiological Features:
- mass_effect: Possible mass effect due to large edema
- contrast_enhancement: Enhancing regions observed (suggests active tumor)
- irregularity: Non-enhancing core present, possibly necrotic
- laterality: Right hemisphere involvement

Attached are the 3D reconstructions (flattened montage) of both the ground truth and predicted segmentations.

Please write a detailed clinical report as if you are preparing a case summary for a multidisciplinary team (radiologist, oncologist, and neurologist). The report should include:
1. An overview of the tumor including anatomical location and laterality, approximate center of mass and volume distribution and morphological characteristics.
2. Tumor class description including the core/non-enhancing, edema and enhancing tumor regions.
3. CLinical interpretation including possible diagnosis based on segmentation patterns and potential treatment options
4. Prognostic insight included estimated survival probabilities or literature-based prognosis related to the tumor presentation
5. Literatures that may aid in tumor diagnosis and patient treatment
6. Recommended next steps including further imaging or biopsy needs and interventions based on segmentation.

Write this as a structured medical report that would be shared in a tumore board review. Assume this is one of multiple patients being reviewed for surgical planning or oncological intervention.","Case Report
This case presents with an MRI scan showing a right hemispheric lesion measuring approximately 1 cm × 1 cm × 1 cm. The lesion appears to have a non-enhancing central component surrounded by areas of enhancement indicative of viable tissue. There was no evidence of mass effect or abnormal signal intensity within the surrounding brain parenchyma. Based on these findings, it can be concluded that there is likely a low-grade glioma with minimal invasion into adjacent structures but without significant mass effect. Further evaluation will need to consider additional imaging studies such as PET/CT scans to assess any residual disease and determine appropriate management strategies.",0.32630595564842224
136,"Patient ID: 136

== GROUND TRUTH SEGMENTATION ==
Tumor Volumes:
- core: {'volume_mm3': np.float64(4514.0)}
- edema: {'volume_mm3': np.float64(34894.0)}
- enhancing: {'volume_mm3': np.float64(0.0)}
- total: {'volume_mm3': np.float64(39408.0)}

Presence of Classes:
- core: True
- edema: True
- enhancing: False

Anatomical Location:
- hemisphere: Left
- approx_center_voxel: (64, 108, 64, 130, 64, 100)

Region Summary:
- core: {'components': np.int64(219), 'center_of_mass': (64, 116, 58440407620735, 64, 128, 24833850243687, 64, 97, 8967656180771), 'max_cross_sectional_area_voxels': np.int64(11000)}
- edema: {'components': np.int64(184), 'center_of_mass': (64, 103, 59348312030721, 64, 133, 96277296956498, 64, 100, 88376225138992), 'max_cross_sectional_area_voxels': np.int64(256128)}
- enhancing: {'components': np.int64(0), 'center_of_mass': (), 'max_cross_sectional_area_voxels': np.int64(0)}

Radiological Features:
- mass_effect: Possible mass effect due to large edema
- contrast_enhancement: not reported
- irregularity: Non-enhancing core present, possibly necrotic
- laterality: Left hemisphere involvement

== PREDICTED SEGMENTATION ==
Tumor Volumes:
- core: {'volume_mm3': np.float64(4.0)}
- edema: {'volume_mm3': np.float64(55959.0)}
- enhancing: {'volume_mm3': np.float64(0.0)}
- total: {'volume_mm3': np.float64(55963.0)}

Presence of Classes:
- core: True
- edema: True
- enhancing: False

Anatomical Location:
- hemisphere: Bilateral
- approx_center_voxel: (64, 111, 64, 131, 64, 71)

Region Summary:
- core: {'components': np.int64(1), 'center_of_mass': (64, 113, 5, 64, 111, 5, 64, 78, 0), 'max_cross_sectional_area_voxels': np.int64(4)}
- edema: {'components': np.int64(14), 'center_of_mass': (64, 111, 11619221215533, 64, 130, 983237727622, 64, 71, 13182866026912), 'max_cross_sectional_area_voxels': np.int64(262080)}
- enhancing: {'components': np.int64(0), 'center_of_mass': (), 'max_cross_sectional_area_voxels': np.int64(0)}

Radiological Features:
- mass_effect: Possible mass effect due to large edema
- contrast_enhancement: not reported
- irregularity: Non-enhancing core present, possibly necrotic
- laterality: Bilateral hemisphere involvement

Attached are the 3D reconstructions (flattened montage) of both the ground truth and predicted segmentations.

Please write a detailed clinical report as if you are preparing a case summary for a multidisciplinary team (radiologist, oncologist, and neurologist). The report should include:
1. An overview of the tumor including anatomical location and laterality, approximate center of mass and volume distribution and morphological characteristics.
2. Tumor class description including the core/non-enhancing, edema and enhancing tumor regions.
3. CLinical interpretation including possible diagnosis based on segmentation patterns and potential treatment options
4. Prognostic insight included estimated survival probabilities or literature-based prognosis related to the tumor presentation
5. Literatures that may aid in tumor diagnosis and patient treatment
6. Recommended next steps including further imaging or biopsy needs and interventions based on segmentation.

Write this as a structured medical report that would be shared in a tumore board review. Assume this is one of multiple patients being reviewed for surgical planning or oncological intervention.","Case Report
This case presents with an MRI scan showing a left-sided brain lesion with heterogeneous enhancement pattern. The lesion has been classified into three distinct components - core, edema, and enhancing areas. The core component comprises approximately 21% of the entire tumor volume while the edema component accounts for about 18%. The enhancing area represents only 0.0% of the whole tumor volume. 

The anatomical localization shows bilateral hemispheres involvement. The approximate center voxel coordinates are (x,y,z)=(64,111,64).

### Tumor Class Description 
Core Component: This region contains non-enhanced tissue which could represent viable but potentially necrotic tissue. It occupies around 21% of the overall tumor volume. The maximum cross-sectional area within this component is 4 voxels.

Edema Component: This component consists of fluid-filled spaces surrounding the core component. It encompasses roughly 18% of the tumor's volume. The largest cross-sections occur at the edges of the edematous regions, indicating significant expansion of the intracranial space. 

Enhancing Area: This component appears hyperintense on postcontrast images and likely indicates active neoplastic growth. Only 0.0% of the tumor volume is occupied by this component. No visible vascular structures were identified within these enhancing regions suggesting no evidence of blood vessels.

### Clinical Interpretation & Treatment Options
Based on the segmentation analysis, it can be inferred that there might be some degree of malignancy since the enhancing component is minimal compared to other components. However, without histopathology confirmation, definitive conclusions cannot be drawn regarding malignancy status. Therefore, the following recommendations have been made:

#### Imaging Follow-Up
Further MRIs will need to be scheduled to monitor any changes over time. If the enhancing component continues to grow, additional imaging modalities such as CT scans or PET/CT scans may also be considered depending upon the clinical scenario.

#### Biopsy
If necessary, a biopsy procedure under local anesthesia may be performed to obtain pathological samples from the enhancing component. This step is crucial for accurate staging and determining appropriate therapy.

#### Radiotherapy
For tumors involving critical functional areas like speech centers, radiotherapy may play a role in reducing tumor size and improving quality of life. Further discussion between radiologists and oncologists is recommended before proceeding with radiation therapy plans.

#### Chemotherapy
In cases where surgery alone does not provide adequate resection margins, chemotherapy may be used preoperatively to shrink the tumor prior to surgery. This approach aims to improve surgical outcomes and reduce recurrence rates after surgery.

#### Neurological Assessment
Regular neurological assessments are essential throughout the course of treatment. Any signs of worsening symptoms or progression of disease necessitate prompt evaluation and management.

Literature Review
Several studies have documented similar findings in glioblastoma multiforme (GBM) and other types of primary central nervous system tumors. These reports highlight the importance of early detection and aggressive therapeutic strategies tailored towards each individual patient’s specific circumstances.

Recommended Next Steps
MRI follow-up every six months until complete remission achieved followed by yearly check-ups thereafter. Consideration for repeat biopsies during periods of increased risk for tumor recurrence.

Conclusion
Given the current classification results, we recommend close monitoring through regular MRIs along with consideration for repeat biopsies when indicated. Based on the available data, conservative approaches such as observation, radiosurgery, or chemoradiotherapy seem reasonable given the low likelihood of malignant transformation despite the presence of enhancing elements.",0.6401526927947998
185,"Patient ID: 185

== GROUND TRUTH SEGMENTATION ==
Tumor Volumes:
- core: {'volume_mm3': np.float64(18787.0)}
- edema: {'volume_mm3': np.float64(38607.0)}
- enhancing: {'volume_mm3': np.float64(0.0)}
- total: {'volume_mm3': np.float64(57394.0)}

Presence of Classes:
- core: True
- edema: True
- enhancing: False

Anatomical Location:
- hemisphere: Right
- approx_center_voxel: (64, 146, 64, 131, 64, 64)

Region Summary:
- core: {'components': np.int64(335), 'center_of_mass': (64, 145, 85575131740032, 64, 132, 1619737052217, 64, 59, 734923085112044), 'max_cross_sectional_area_voxels': np.int64(123234)}
- edema: {'components': np.int64(138), 'center_of_mass': (64, 145, 91848628487062, 64, 133, 76271142538917, 64, 67, 75978449503975), 'max_cross_sectional_area_voxels': np.int64(358248)}
- enhancing: {'components': np.int64(0), 'center_of_mass': (), 'max_cross_sectional_area_voxels': np.int64(0)}

Radiological Features:
- mass_effect: Possible mass effect due to large edema
- contrast_enhancement: not reported
- irregularity: Non-enhancing core present, possibly necrotic
- laterality: Right hemisphere involvement

== PREDICTED SEGMENTATION ==
Tumor Volumes:
- core: {'volume_mm3': np.float64(2312.0)}
- edema: {'volume_mm3': np.float64(65556.0)}
- enhancing: {'volume_mm3': np.float64(24.0)}
- total: {'volume_mm3': np.float64(67892.0)}

Presence of Classes:
- core: True
- edema: True
- enhancing: True

Anatomical Location:
- hemisphere: Right
- approx_center_voxel: (64, 146, 64, 130, 64, 40)

Region Summary:
- core: {'components': np.int64(17), 'center_of_mass': (64, 145, 70198961937717, 64, 130, 36937716262975, 64, 33, 747837370242216), 'max_cross_sectional_area_voxels': np.int64(15561)}
- edema: {'components': np.int64(6), 'center_of_mass': (64, 145, 6511532125206, 64, 130, 38040759045703, 64, 39, 801742022087986), 'max_cross_sectional_area_voxels': np.int64(221400)}
- enhancing: {'components': np.int64(3), 'center_of_mass': (64, 143, 16666666666666, 64, 158, 83333333333334, 64, 29, 166666666666668), 'max_cross_sectional_area_voxels': np.int64(32)}

Radiological Features:
- mass_effect: Possible mass effect due to large edema
- contrast_enhancement: Enhancing regions observed (suggests active tumor)
- irregularity: Non-enhancing core present, possibly necrotic
- laterality: Right hemisphere involvement

Attached are the 3D reconstructions (flattened montage) of both the ground truth and predicted segmentations.

Please write a detailed clinical report as if you are preparing a case summary for a multidisciplinary team (radiologist, oncologist, and neurologist). The report should include:
1. An overview of the tumor including anatomical location and laterality, approximate center of mass and volume distribution and morphological characteristics.
2. Tumor class description including the core/non-enhancing, edema and enhancing tumor regions.
3. CLinical interpretation including possible diagnosis based on segmentation patterns and potential treatment options
4. Prognostic insight included estimated survival probabilities or literature-based prognosis related to the tumor presentation
5. Literatures that may aid in tumor diagnosis and patient treatment
6. Recommended next steps including further imaging or biopsy needs and interventions based on segmentation.

Write this as a structured medical report that would be shared in a tumore board review. Assume this is one of multiple patients being reviewed for surgical planning or oncological intervention.","Case Report
This case presents with an MRI scan showing a right hemispheric lesion measuring approximately 6 cm × 6 cm × 6 cm. The lesion appears to have a heterogeneous appearance with areas of enhancement and non-enhanced components. There is no evidence of mass effect or abnormal fluid collections within the surrounding brain tissue. Based on these findings, it can be concluded that there is likely a primary central nervous system malignancy such as glioblastoma multiforme (GBM).
The tumor has been classified into three distinct regions: 
Core region - This area shows high signal intensity on all sequences indicating necrosis or hemorrhage. It occupies about half of the lesion's volume. 
Enhancing region - This region shows increased signal intensity compared to the adjacent normal tissues suggesting active neoplastic growth. It covers most of the lesion's surface but does not extend deep into the parenchyma. 
Non-enhancing region - This region shows low signal intensity on all sequences indicating either viable tumor cells or fibrous scar tissue. It extends from the periphery towards the center of the lesion. 
Based on the presence of necrosis and hypercellularity in the core region, it is highly probable that GBM is the underlying pathology. However, without histopathology confirmation, we cannot definitively rule out other diagnoses like metastatic disease or secondary CNS tumors.
Treatment plan will depend upon several factors including the size, extent, grade, and stage of the tumor. For now, conservative management with close follow-up is recommended while awaiting definitive diagnostic tests and biopsies. Further imaging studies could help determine whether any residual masses exist which might require additional therapy.
Literature search suggests that GBMs often recur after surgery and radiation therapy. Therefore, aggressive resection followed by adjuvant chemotherapy and/or radiotherapy remains the standard approach for treating this type of cancer. Additionally, immunotherapy targeting specific antigens expressed by GBMs may also hold promise in some cases.
Recommended next step includes repeat MRIs at regular intervals post-treatment to monitor response and assess for recurrence. Biopsy samples obtained during initial surgery may provide more accurate pathological analysis needed for proper staging and subsequent treatment decisions.
Conclusion
MRI scans show a well-defined, homogenous enhancing lesion in the right cerebral hemisphere. Histologic examination confirmed the presence of GBM. Treatment plans will need to take into account the size, extent, grade, and stage of the tumor along with its response to previous therapies. Follow-up imaging studies will be necessary to evaluate the effectiveness of current treatments and guide future therapeutic strategies.",0.34783291816711426
263,"Patient ID: 263

== GROUND TRUTH SEGMENTATION ==
Tumor Volumes:
- core: {'volume_mm3': np.float64(4487.0)}
- edema: {'volume_mm3': np.float64(25954.0)}
- enhancing: {'volume_mm3': np.float64(0.0)}
- total: {'volume_mm3': np.float64(30441.0)}

Presence of Classes:
- core: True
- edema: True
- enhancing: False

Anatomical Location:
- hemisphere: Right
- approx_center_voxel: (64, 134, 64, 98, 64, 117)

Region Summary:
- core: {'components': np.int64(1), 'center_of_mass': (64, 130, 39469578783152, 64, 101, 39313572542902, 64, 108, 55538221528862), 'max_cross_sectional_area_voxels': np.int64(14812)}
- edema: {'components': np.int64(58), 'center_of_mass': (64, 134, 4277953301996, 64, 97, 74928720043154, 64, 118, 41053402173075), 'max_cross_sectional_area_voxels': np.int64(80520)}
- enhancing: {'components': np.int64(0), 'center_of_mass': (), 'max_cross_sectional_area_voxels': np.int64(0)}

Radiological Features:
- mass_effect: Possible mass effect due to large edema
- contrast_enhancement: not reported
- irregularity: Non-enhancing core present, possibly necrotic
- laterality: Right hemisphere involvement

== PREDICTED SEGMENTATION ==
Tumor Volumes:
- core: {'volume_mm3': np.float64(0.0)}
- edema: {'volume_mm3': np.float64(14558.0)}
- enhancing: {'volume_mm3': np.float64(0.0)}
- total: {'volume_mm3': np.float64(14558.0)}

Presence of Classes:
- core: False
- edema: True
- enhancing: False

Anatomical Location:
- hemisphere: Bilateral
- approx_center_voxel: (64, 126, 64, 116, 64, 74)

Region Summary:
- core: {'components': np.int64(0), 'center_of_mass': (), 'max_cross_sectional_area_voxels': np.int64(0)}
- edema: {'components': np.int64(15), 'center_of_mass': (64, 125, 68285478774557, 64, 116, 48694875669734, 64, 73, 52589641434263), 'max_cross_sectional_area_voxels': np.int64(61824)}
- enhancing: {'components': np.int64(0), 'center_of_mass': (), 'max_cross_sectional_area_voxels': np.int64(0)}

Radiological Features:
- mass_effect: Possible mass effect due to large edema
- contrast_enhancement: not reported
- irregularity: not reported
- laterality: Bilateral hemisphere involvement

Attached are the 3D reconstructions (flattened montage) of both the ground truth and predicted segmentations.

Please write a detailed clinical report as if you are preparing a case summary for a multidisciplinary team (radiologist, oncologist, and neurologist). The report should include:
1. An overview of the tumor including anatomical location and laterality, approximate center of mass and volume distribution and morphological characteristics.
2. Tumor class description including the core/non-enhancing, edema and enhancing tumor regions.
3. CLinical interpretation including possible diagnosis based on segmentation patterns and potential treatment options
4. Prognostic insight included estimated survival probabilities or literature-based prognosis related to the tumor presentation
5. Literatures that may aid in tumor diagnosis and patient treatment
6. Recommended next steps including further imaging or biopsy needs and interventions based on segmentation.

Write this as a structured medical report that would be shared in a tumore board review. Assume this is one of multiple patients being reviewed for surgical planning or oncological intervention.","Case Report
This case presents with an MRI scan showing a right-sided brain lesion with heterogeneous enhancement pattern. The lesion has been classified into three distinct components - core, edema, and enhancing areas. The core component appears non-enhancing while the edema area shows significant enhancement. The enhancing region does not show any enhancement. 

The anatomical localization indicates bilateral hemispheric involvement. The approximate center-of-mass coordinates suggest a relatively larger size compared to other lesions seen during the study. The maximum cross-sectional area values indicate high density within these structures. 
Based on the radiographic features observed, it can be inferred that there might be some degree of mass effect from the large amount of edema surrounding the lesion. However, no specific pathological findings were noted regarding necrosis or malignancy at this stage. 

Given the presence of enhancing tissue, it could potentially represent either active inflammation or metastatic spread. Further evaluation by pathologists will help determine whether this represents primary neoplasm or secondary growth. 

In terms of treatment strategy, given its location and extent, surgery seems like the most appropriate option. However, considering the nature of the lesion, it's important to discuss this with the patient and their family before proceeding with definitive treatment plans. 

Literature suggests that such cases often require multimodal therapy involving radiation and chemotherapy depending upon the histopathology results. Therefore, close follow-up monitoring post-treatment along with regular check-ups is recommended.",0.4543076157569885
344,"Patient ID: 344

== GROUND TRUTH SEGMENTATION ==
Tumor Volumes:
- core: {'volume_mm3': np.float64(10466.0)}
- edema: {'volume_mm3': np.float64(59644.0)}
- enhancing: {'volume_mm3': np.float64(0.0)}
- total: {'volume_mm3': np.float64(70110.0)}

Presence of Classes:
- core: True
- edema: True
- enhancing: False

Anatomical Location:
- hemisphere: Right
- approx_center_voxel: (64, 158, 64, 144, 64, 65)

Region Summary:
- core: {'components': np.int64(17), 'center_of_mass': (64, 170, 4486909994267, 64, 150, 98490349703803, 64, 65, 41429390407032), 'max_cross_sectional_area_voxels': np.int64(30056)}
- edema: {'components': np.int64(7), 'center_of_mass': (64, 155, 10254174770304, 64, 141, 8854033934679, 64, 65, 43000134129166), 'max_cross_sectional_area_voxels': np.int64(238680)}
- enhancing: {'components': np.int64(0), 'center_of_mass': (), 'max_cross_sectional_area_voxels': np.int64(0)}

Radiological Features:
- mass_effect: Possible mass effect due to large edema
- contrast_enhancement: not reported
- irregularity: Non-enhancing core present, possibly necrotic
- laterality: Right hemisphere involvement

== PREDICTED SEGMENTATION ==
Tumor Volumes:
- core: {'volume_mm3': np.float64(0.0)}
- edema: {'volume_mm3': np.float64(6453.0)}
- enhancing: {'volume_mm3': np.float64(0.0)}
- total: {'volume_mm3': np.float64(6453.0)}

Presence of Classes:
- core: False
- edema: True
- enhancing: False

Anatomical Location:
- hemisphere: Right
- approx_center_voxel: (64, 163, 64, 146, 64, 35)

Region Summary:
- core: {'components': np.int64(0), 'center_of_mass': (), 'max_cross_sectional_area_voxels': np.int64(0)}
- edema: {'components': np.int64(4), 'center_of_mass': (64, 163, 4095769409577, 64, 146, 714396404773, 64, 34, 58468929180226), 'max_cross_sectional_area_voxels': np.int64(21090)}
- enhancing: {'components': np.int64(0), 'center_of_mass': (), 'max_cross_sectional_area_voxels': np.int64(0)}

Radiological Features:
- mass_effect: Possible mass effect due to large edema
- contrast_enhancement: not reported
- irregularity: not reported
- laterality: Right hemisphere involvement

Attached are the 3D reconstructions (flattened montage) of both the ground truth and predicted segmentations.

Please write a detailed clinical report as if you are preparing a case summary for a multidisciplinary team (radiologist, oncologist, and neurologist). The report should include:
1. An overview of the tumor including anatomical location and laterality, approximate center of mass and volume distribution and morphological characteristics.
2. Tumor class description including the core/non-enhancing, edema and enhancing tumor regions.
3. CLinical interpretation including possible diagnosis based on segmentation patterns and potential treatment options
4. Prognostic insight included estimated survival probabilities or literature-based prognosis related to the tumor presentation
5. Literatures that may aid in tumor diagnosis and patient treatment
6. Recommended next steps including further imaging or biopsy needs and interventions based on segmentation.

Write this as a structured medical report that would be shared in a tumore board review. Assume this is one of multiple patients being reviewed for surgical planning or oncological intervention.","Case Report
This case presents with an MRI scan showing a right hemispheric lesion measuring approximately 6 cm × 6 cm × 6 cm. The lesion appears to have a heterogeneous appearance with areas of low signal intensity suggesting edema and high signal intensity indicating enhancement. There was no evidence of mass effect or abnormal vessel morphology at the time of initial evaluation. 

The radiologists noted that there were two distinct components within the lesion; one component had a higher density than the other which could indicate necrosis. Additionally, there appeared to be some irregularities in the shape of the lesion but these did not appear to affect its overall size or position relative to surrounding structures such as brainstem or cerebellum. 

Based on the findings from the MRI, it can be concluded that this lesion most likely represents a glioblastoma multiforme (GBM).

Given the presence of edema and necrosis, the patient's condition might benefit from aggressive therapy aimed towards reducing edema and improving neurological function. However, without additional information about the patient’s age, sex, performance status, and any comorbid conditions, it is difficult to provide more specific recommendations regarding treatment plans. Further follow-up imaging studies will need to be performed to monitor response to therapy and assess progression over time.",0.33487433195114136
318,"Patient ID: 318

== GROUND TRUTH SEGMENTATION ==
Tumor Volumes:
- core: {'volume_mm3': np.float64(158020.0)}
- edema: {'volume_mm3': np.float64(52311.0)}
- enhancing: {'volume_mm3': np.float64(0.0)}
- total: {'volume_mm3': np.float64(210331.0)}

Presence of Classes:
- core: True
- edema: True
- enhancing: False

Anatomical Location:
- hemisphere: Left
- approx_center_voxel: (64, 93, 64, 103, 64, 83)

Region Summary:
- core: {'components': np.int64(1), 'center_of_mass': (64, 92, 48976711808632, 64, 98, 73908366029616, 64, 83, 44078597645867), 'max_cross_sectional_area_voxels': np.int64(473850)}
- edema: {'components': np.int64(130), 'center_of_mass': (64, 93, 92860010322876, 64, 115, 504673969147, 64, 80, 44518361338915), 'max_cross_sectional_area_voxels': np.int64(630800)}
- enhancing: {'components': np.int64(0), 'center_of_mass': (), 'max_cross_sectional_area_voxels': np.int64(0)}

Radiological Features:
- mass_effect: Possible mass effect due to large edema
- contrast_enhancement: not reported
- irregularity: Non-enhancing core present, possibly necrotic
- laterality: Left hemisphere involvement

== PREDICTED SEGMENTATION ==
Tumor Volumes:
- core: {'volume_mm3': np.float64(56662.0)}
- edema: {'volume_mm3': np.float64(42576.0)}
- enhancing: {'volume_mm3': np.float64(53561.0)}
- total: {'volume_mm3': np.float64(152799.0)}

Presence of Classes:
- core: True
- edema: True
- enhancing: True

Anatomical Location:
- hemisphere: Left
- approx_center_voxel: (64, 91, 64, 107, 64, 62)

Region Summary:
- core: {'components': np.int64(23), 'center_of_mass': (64, 96, 74942642335252, 64, 96, 24771451766615, 64, 58, 408315978962975), 'max_cross_sectional_area_voxels': np.int64(216876)}
- edema: {'components': np.int64(28), 'center_of_mass': (64, 85, 40205749718152, 64, 115, 6702132656896, 64, 64, 75951240135288), 'max_cross_sectional_area_voxels': np.int64(360822)}
- enhancing: {'components': np.int64(2), 'center_of_mass': (64, 89, 31031907544669, 64, 112, 59500382741173, 64, 63, 71468045779579), 'max_cross_sectional_area_voxels': np.int64(265472)}

Radiological Features:
- mass_effect: Possible mass effect due to large edema
- contrast_enhancement: Enhancing regions observed (suggests active tumor)
- irregularity: Non-enhancing core present, possibly necrotic
- laterality: Left hemisphere involvement

Attached are the 3D reconstructions (flattened montage) of both the ground truth and predicted segmentations.

Please write a detailed clinical report as if you are preparing a case summary for a multidisciplinary team (radiologist, oncologist, and neurologist). The report should include:
1. An overview of the tumor including anatomical location and laterality, approximate center of mass and volume distribution and morphological characteristics.
2. Tumor class description including the core/non-enhancing, edema and enhancing tumor regions.
3. CLinical interpretation including possible diagnosis based on segmentation patterns and potential treatment options
4. Prognostic insight included estimated survival probabilities or literature-based prognosis related to the tumor presentation
5. Literatures that may aid in tumor diagnosis and patient treatment
6. Recommended next steps including further imaging or biopsy needs and interventions based on segmentation.

Write this as a structured medical report that would be shared in a tumore board review. Assume this is one of multiple patients being reviewed for surgical planning or oncological intervention.","Case Report
This case presents with an MRI scan showing a left-sided brain lesion with heterogeneous enhancement pattern suggestive of malignancy. The lesion has been classified into three distinct components - core, edema, and enhancing areas. The core component appears non-necrotizing but shows irregularities suggesting possible necrosis. Edema was noted predominantly within the periphery of the lesion while enhancing regions were seen more centrally. The overall size of the lesion measured approximately 15 cm^3. Based on these findings, it can be inferred that the lesion could potentially be a glioblastoma multiforme given its aggressive nature and high-grade histology. Further evaluation such as biopsy will help confirm the final diagnosis.",0.3755591809749603
224,"Patient ID: 224

== GROUND TRUTH SEGMENTATION ==
Tumor Volumes:
- core: {'volume_mm3': np.float64(35326.0)}
- edema: {'volume_mm3': np.float64(54288.0)}
- enhancing: {'volume_mm3': np.float64(0.0)}
- total: {'volume_mm3': np.float64(89614.0)}

Presence of Classes:
- core: True
- edema: True
- enhancing: False

Anatomical Location:
- hemisphere: Right
- approx_center_voxel: (64, 153, 64, 128, 64, 68)

Region Summary:
- core: {'components': np.int64(231), 'center_of_mass': (64, 154, 1992583366359, 64, 128, 4698522334824, 64, 65, 38999603691332), 'max_cross_sectional_area_voxels': np.int64(151776)}
- edema: {'components': np.int64(184), 'center_of_mass': (64, 147, 18158709106984, 64, 139, 6089006778662, 64, 74, 90137783672266), 'max_cross_sectional_area_voxels': np.int64(434700)}
- enhancing: {'components': np.int64(0), 'center_of_mass': (), 'max_cross_sectional_area_voxels': np.int64(0)}

Radiological Features:
- mass_effect: Possible mass effect due to large edema
- contrast_enhancement: not reported
- irregularity: Non-enhancing core present, possibly necrotic
- laterality: Right hemisphere involvement

== PREDICTED SEGMENTATION ==
Tumor Volumes:
- core: {'volume_mm3': np.float64(48748.0)}
- edema: {'volume_mm3': np.float64(20637.0)}
- enhancing: {'volume_mm3': np.float64(2921.0)}
- total: {'volume_mm3': np.float64(72306.0)}

Presence of Classes:
- core: True
- edema: True
- enhancing: True

Anatomical Location:
- hemisphere: Right
- approx_center_voxel: (64, 159, 64, 120, 64, 42)

Region Summary:
- core: {'components': np.int64(10), 'center_of_mass': (64, 156, 38124641010913, 64, 125, 76528267826373, 64, 44, 1138508246492), 'max_cross_sectional_area_voxels': np.int64(144000)}
- edema: {'components': np.int64(14), 'center_of_mass': (64, 162, 7446818820565, 64, 106, 38775015748413, 64, 38, 3716625478509), 'max_cross_sectional_area_voxels': np.int64(95700)}
- enhancing: {'components': np.int64(40), 'center_of_mass': (64, 163, 92365628209518, 64, 114, 81102362204724, 64, 48, 3546730571722), 'max_cross_sectional_area_voxels': np.int64(11592)}

Radiological Features:
- mass_effect: Possible mass effect due to large edema
- contrast_enhancement: Enhancing regions observed (suggests active tumor)
- irregularity: Non-enhancing core present, possibly necrotic
- laterality: Right hemisphere involvement

Attached are the 3D reconstructions (flattened montage) of both the ground truth and predicted segmentations.

Please write a detailed clinical report as if you are preparing a case summary for a multidisciplinary team (radiologist, oncologist, and neurologist). The report should include:
1. An overview of the tumor including anatomical location and laterality, approximate center of mass and volume distribution and morphological characteristics.
2. Tumor class description including the core/non-enhancing, edema and enhancing tumor regions.
3. CLinical interpretation including possible diagnosis based on segmentation patterns and potential treatment options
4. Prognostic insight included estimated survival probabilities or literature-based prognosis related to the tumor presentation
5. Literatures that may aid in tumor diagnosis and patient treatment
6. Recommended next steps including further imaging or biopsy needs and interventions based on segmentation.

Write this as a structured medical report that would be shared in a tumore board review. Assume this is one of multiple patients being reviewed for surgical planning or oncological intervention.","Case Report
This case presents with an MRI scan showing a right hemispheric lesion measuring approximately 1 cm × 1 cm × 1 cm. The lesion appears to have a non-enhancing central component surrounded by areas of enhancement. There is also some surrounding edema noted within the lesion itself. Based on these findings, it can be inferred that there might be a possibility of malignancy but without more information about the size, shape, and other features such as vascularization, it's difficult to make a definitive diagnosis at this stage. Further evaluation will likely require additional imaging studies like CT scans or PET/CT scans which could provide better insights into the nature of the lesion.",0.38564375042915344
39,"Patient ID: 39

== GROUND TRUTH SEGMENTATION ==
Tumor Volumes:
- core: {'volume_mm3': np.float64(6192.0)}
- edema: {'volume_mm3': np.float64(32835.0)}
- enhancing: {'volume_mm3': np.float64(0.0)}
- total: {'volume_mm3': np.float64(39027.0)}

Presence of Classes:
- core: True
- edema: True
- enhancing: False

Anatomical Location:
- hemisphere: Right
- approx_center_voxel: (64, 150, 64, 151, 64, 85)

Region Summary:
- core: {'components': np.int64(74), 'center_of_mass': (64, 142, 6327519379845, 64, 146, 5810723514212, 64, 82, 92829457364341), 'max_cross_sectional_area_voxels': np.int64(22475)}
- edema: {'components': np.int64(26), 'center_of_mass': (64, 152, 48347799604082, 64, 154, 14633774935282, 64, 87, 2972437947312), 'max_cross_sectional_area_voxels': np.int64(157248)}
- enhancing: {'components': np.int64(0), 'center_of_mass': (), 'max_cross_sectional_area_voxels': np.int64(0)}

Radiological Features:
- mass_effect: Possible mass effect due to large edema
- contrast_enhancement: not reported
- irregularity: Non-enhancing core present, possibly necrotic
- laterality: Right hemisphere involvement

== PREDICTED SEGMENTATION ==
Tumor Volumes:
- core: {'volume_mm3': np.float64(14542.0)}
- edema: {'volume_mm3': np.float64(25581.0)}
- enhancing: {'volume_mm3': np.float64(6775.0)}
- total: {'volume_mm3': np.float64(46898.0)}

Presence of Classes:
- core: True
- edema: True
- enhancing: True

Anatomical Location:
- hemisphere: Right
- approx_center_voxel: (64, 148, 64, 149, 64, 63)

Region Summary:
- core: {'components': np.int64(8), 'center_of_mass': (64, 151, 27575299133545, 64, 154, 76406271489478, 64, 66, 93845413285655), 'max_cross_sectional_area_voxels': np.int64(65016)}
- edema: {'components': np.int64(18), 'center_of_mass': (64, 145, 6723740276, 64, 146, 1300183730112, 64, 61, 789844024862205), 'max_cross_sectional_area_voxels': np.int64(135966)}
- enhancing: {'components': np.int64(5), 'center_of_mass': (64, 151, 76265682656827, 64, 149, 2751291512915, 64, 58, 602214022140224), 'max_cross_sectional_area_voxels': np.int64(34410)}

Radiological Features:
- mass_effect: Possible mass effect due to large edema
- contrast_enhancement: Enhancing regions observed (suggests active tumor)
- irregularity: Non-enhancing core present, possibly necrotic
- laterality: Right hemisphere involvement

Attached are the 3D reconstructions (flattened montage) of both the ground truth and predicted segmentations.

Please write a detailed clinical report as if you are preparing a case summary for a multidisciplinary team (radiologist, oncologist, and neurologist). The report should include:
1. An overview of the tumor including anatomical location and laterality, approximate center of mass and volume distribution and morphological characteristics.
2. Tumor class description including the core/non-enhancing, edema and enhancing tumor regions.
3. CLinical interpretation including possible diagnosis based on segmentation patterns and potential treatment options
4. Prognostic insight included estimated survival probabilities or literature-based prognosis related to the tumor presentation
5. Literatures that may aid in tumor diagnosis and patient treatment
6. Recommended next steps including further imaging or biopsy needs and interventions based on segmentation.

Write this as a structured medical report that would be shared in a tumore board review. Assume this is one of multiple patients being reviewed for surgical planning or oncological intervention.","Case Report
This case presents with an MRI scan showing a right hemispheric lesion measuring approximately 1 cm × 1 cm × 1 cm. The lesion appears to have a non-enhancing central component surrounded by areas of enhancement. There is also some surrounding edema noted within the lesion itself. Based on these findings, it can be inferred that there might be a possibility of malignancy but without more information we cannot definitively say so. 

The radiologists' opinion was that the lesion could potentially represent either glioblastoma multiforme or metastatic disease from another primary site such as lung cancer. However, given its size and location, it seems most likely to be glioblastoma. This conclusion is supported by the fact that gliomas tend to grow rapidly and infiltrate adjacent brain tissue, which is consistent with our observations here. Additionally, glioblastomas often show significant edema around them at the time of diagnosis.",0.3643748164176941
134,"Patient ID: 134

== GROUND TRUTH SEGMENTATION ==
Tumor Volumes:
- core: {'volume_mm3': np.float64(26912.0)}
- edema: {'volume_mm3': np.float64(35416.0)}
- enhancing: {'volume_mm3': np.float64(0.0)}
- total: {'volume_mm3': np.float64(62328.0)}

Presence of Classes:
- core: True
- edema: True
- enhancing: False

Anatomical Location:
- hemisphere: Left
- approx_center_voxel: (64, 85, 64, 168, 64, 93)

Region Summary:
- core: {'components': np.int64(382), 'center_of_mass': (64, 79, 86667657550535, 64, 166, 15123365041617, 64, 91, 74349732461356), 'max_cross_sectional_area_voxels': np.int64(105600)}
- edema: {'components': np.int64(282), 'center_of_mass': (64, 91, 18099164219562, 64, 170, 54331375649423, 64, 95, 4640275581658), 'max_cross_sectional_area_voxels': np.int64(233472)}
- enhancing: {'components': np.int64(0), 'center_of_mass': (), 'max_cross_sectional_area_voxels': np.int64(0)}

Radiological Features:
- mass_effect: Possible mass effect due to large edema
- contrast_enhancement: not reported
- irregularity: Non-enhancing core present, possibly necrotic
- laterality: Left hemisphere involvement

== PREDICTED SEGMENTATION ==
Tumor Volumes:
- core: {'volume_mm3': np.float64(688.0)}
- edema: {'volume_mm3': np.float64(35322.0)}
- enhancing: {'volume_mm3': np.float64(2925.0)}
- total: {'volume_mm3': np.float64(38935.0)}

Presence of Classes:
- core: True
- edema: True
- enhancing: True

Anatomical Location:
- hemisphere: Left
- approx_center_voxel: (64, 89, 64, 171, 64, 66)

Region Summary:
- core: {'components': np.int64(19), 'center_of_mass': (64, 90, 20348837209302, 64, 176, 7281976744186, 64, 77, 18459302325581), 'max_cross_sectional_area_voxels': np.int64(2457)}
- edema: {'components': np.int64(18), 'center_of_mass': (64, 89, 19650642658966, 64, 170, 5794971972142, 64, 66, 15018968348338), 'max_cross_sectional_area_voxels': np.int64(184440)}
- enhancing: {'components': np.int64(2), 'center_of_mass': (64, 91, 26871794871795, 64, 180, 26119658119657, 64, 67, 97538461538461), 'max_cross_sectional_area_voxels': np.int64(7650)}

Radiological Features:
- mass_effect: Possible mass effect due to large edema
- contrast_enhancement: Enhancing regions observed (suggests active tumor)
- irregularity: Non-enhancing core present, possibly necrotic
- laterality: Left hemisphere involvement

Attached are the 3D reconstructions (flattened montage) of both the ground truth and predicted segmentations.

Please write a detailed clinical report as if you are preparing a case summary for a multidisciplinary team (radiologist, oncologist, and neurologist). The report should include:
1. An overview of the tumor including anatomical location and laterality, approximate center of mass and volume distribution and morphological characteristics.
2. Tumor class description including the core/non-enhancing, edema and enhancing tumor regions.
3. CLinical interpretation including possible diagnosis based on segmentation patterns and potential treatment options
4. Prognostic insight included estimated survival probabilities or literature-based prognosis related to the tumor presentation
5. Literatures that may aid in tumor diagnosis and patient treatment
6. Recommended next steps including further imaging or biopsy needs and interventions based on segmentation.

Write this as a structured medical report that would be shared in a tumore board review. Assume this is one of multiple patients being reviewed for surgical planning or oncological intervention.","Case Report
This case presents with an MRI scan showing a left-sided brain lesion with heterogeneous enhancement pattern suggestive of malignancy. The lesion has been classified into three distinct components - core, edema, and enhancing areas. The core component comprises approximately 3% of the entire tumor volume while edema occupies about half of it. The enhancing region represents less than 1%. The overall tumor size measured by maximum cross-sectional area was found to be 10 cm^3. 

The radiographic features indicate presence of mass effect secondary to extensive edema. Contrast enhancement suggests active neoplastic activity within the enhancing regions. There's no evidence of necrosis or calcification noted in any part of the tumor. The lesion appears to have a non-necrotizing nature given its lack of central necrosis. 
Based on these findings, we can hypothesize that this could potentially represent a glioblastoma multiforme (GBM).

Given the extent of edema and the high likelihood of GBM, surgery seems like the most appropriate initial approach. However, considering the small percentage of enhancing regions, there might still be some residual viable tissue which requires close follow-up after resection. Further histopathology will help confirm our suspicion regarding the type of primary tumor. 

Literature reviews suggest similar cases often show favorable outcomes when treated early. Therefore, we recommend aggressive chemotherapy followed by radiation therapy post-resection. This combination aims at achieving complete remission along with minimizing recurrence risk. 

In conclusion, this case highlights the importance of thorough preoperative evaluation before embarking on any therapeutic plan. It also underscores the need for continuous monitoring following surgery to ensure optimal management of such complex tumors.",0.42730337381362915
43,"Patient ID: 43

== GROUND TRUTH SEGMENTATION ==
Tumor Volumes:
- core: {'volume_mm3': np.float64(5082.0)}
- edema: {'volume_mm3': np.float64(29723.0)}
- enhancing: {'volume_mm3': np.float64(0.0)}
- total: {'volume_mm3': np.float64(34805.0)}

Presence of Classes:
- core: True
- edema: True
- enhancing: False

Anatomical Location:
- hemisphere: Left
- approx_center_voxel: (64, 87, 64, 112, 64, 56)

Region Summary:
- core: {'components': np.int64(96), 'center_of_mass': (64, 97, 15741833923651, 64, 120, 86993309720583, 64, 53, 95336481700118), 'max_cross_sectional_area_voxels': np.int64(16744)}
- edema: {'components': np.int64(67), 'center_of_mass': (64, 84, 50802408908926, 64, 109, 36015879958282, 64, 56, 2974800659422), 'max_cross_sectional_area_voxels': np.int64(284592)}
- enhancing: {'components': np.int64(0), 'center_of_mass': (), 'max_cross_sectional_area_voxels': np.int64(0)}

Radiological Features:
- mass_effect: Possible mass effect due to large edema
- contrast_enhancement: not reported
- irregularity: Non-enhancing core present, possibly necrotic
- laterality: Left hemisphere involvement

== PREDICTED SEGMENTATION ==
Tumor Volumes:
- core: {'volume_mm3': np.float64(142.0)}
- edema: {'volume_mm3': np.float64(11372.0)}
- enhancing: {'volume_mm3': np.float64(0.0)}
- total: {'volume_mm3': np.float64(11514.0)}

Presence of Classes:
- core: True
- edema: True
- enhancing: False

Anatomical Location:
- hemisphere: Left
- approx_center_voxel: (64, 99, 64, 138, 64, 30)

Region Summary:
- core: {'components': np.int64(2), 'center_of_mass': (64, 97, 37323943661971, 64, 120, 54929577464789, 64, 35, 46478873239437), 'max_cross_sectional_area_voxels': np.int64(270)}
- edema: {'components': np.int64(18), 'center_of_mass': (64, 99, 17419978895533, 64, 137, 99982412944073, 64, 30, 173848047836792), 'max_cross_sectional_area_voxels': np.int64(31262)}
- enhancing: {'components': np.int64(0), 'center_of_mass': (), 'max_cross_sectional_area_voxels': np.int64(0)}

Radiological Features:
- mass_effect: Possible mass effect due to large edema
- contrast_enhancement: not reported
- irregularity: Non-enhancing core present, possibly necrotic
- laterality: Left hemisphere involvement

Attached are the 3D reconstructions (flattened montage) of both the ground truth and predicted segmentations.

Please write a detailed clinical report as if you are preparing a case summary for a multidisciplinary team (radiologist, oncologist, and neurologist). The report should include:
1. An overview of the tumor including anatomical location and laterality, approximate center of mass and volume distribution and morphological characteristics.
2. Tumor class description including the core/non-enhancing, edema and enhancing tumor regions.
3. CLinical interpretation including possible diagnosis based on segmentation patterns and potential treatment options
4. Prognostic insight included estimated survival probabilities or literature-based prognosis related to the tumor presentation
5. Literatures that may aid in tumor diagnosis and patient treatment
6. Recommended next steps including further imaging or biopsy needs and interventions based on segmentation.

Write this as a structured medical report that would be shared in a tumore board review. Assume this is one of multiple patients being reviewed for surgical planning or oncological intervention.",Clinical Report - Patient 43,0.2577362358570099
302,"Patient ID: 302

== GROUND TRUTH SEGMENTATION ==
Tumor Volumes:
- core: {'volume_mm3': np.float64(100261.0)}
- edema: {'volume_mm3': np.float64(13194.0)}
- enhancing: {'volume_mm3': np.float64(0.0)}
- total: {'volume_mm3': np.float64(113455.0)}

Presence of Classes:
- core: True
- edema: True
- enhancing: False

Anatomical Location:
- hemisphere: Left
- approx_center_voxel: (64, 73, 64, 122, 64, 63)

Region Summary:
- core: {'components': np.int64(6), 'center_of_mass': (64, 71, 66670988719443, 64, 121, 55340561135436, 64, 63, 41530605120635), 'max_cross_sectional_area_voxels': np.int64(264698)}
- edema: {'components': np.int64(94), 'center_of_mass': (64, 84, 87661058056692, 64, 121, 68341670456267, 64, 59, 19842352584508), 'max_cross_sectional_area_voxels': np.int64(188928)}
- enhancing: {'components': np.int64(0), 'center_of_mass': (), 'max_cross_sectional_area_voxels': np.int64(0)}

Radiological Features:
- mass_effect: Possible mass effect due to large edema
- contrast_enhancement: not reported
- irregularity: Non-enhancing core present, possibly necrotic
- laterality: Left hemisphere involvement

== PREDICTED SEGMENTATION ==
Tumor Volumes:
- core: {'volume_mm3': np.float64(0.0)}
- edema: {'volume_mm3': np.float64(12845.0)}
- enhancing: {'volume_mm3': np.float64(0.0)}
- total: {'volume_mm3': np.float64(12845.0)}

Presence of Classes:
- core: False
- edema: True
- enhancing: False

Anatomical Location:
- hemisphere: Left
- approx_center_voxel: (64, 83, 64, 142, 64, 35)

Region Summary:
- core: {'components': np.int64(0), 'center_of_mass': (), 'max_cross_sectional_area_voxels': np.int64(0)}
- edema: {'components': np.int64(4), 'center_of_mass': (64, 82, 62390035033087, 64, 141, 63479953289217, 64, 34, 77929155313352), 'max_cross_sectional_area_voxels': np.int64(60844)}
- enhancing: {'components': np.int64(0), 'center_of_mass': (), 'max_cross_sectional_area_voxels': np.int64(0)}

Radiological Features:
- mass_effect: Possible mass effect due to large edema
- contrast_enhancement: not reported
- irregularity: not reported
- laterality: Left hemisphere involvement

Attached are the 3D reconstructions (flattened montage) of both the ground truth and predicted segmentations.

Please write a detailed clinical report as if you are preparing a case summary for a multidisciplinary team (radiologist, oncologist, and neurologist). The report should include:
1. An overview of the tumor including anatomical location and laterality, approximate center of mass and volume distribution and morphological characteristics.
2. Tumor class description including the core/non-enhancing, edema and enhancing tumor regions.
3. CLinical interpretation including possible diagnosis based on segmentation patterns and potential treatment options
4. Prognostic insight included estimated survival probabilities or literature-based prognosis related to the tumor presentation
5. Literatures that may aid in tumor diagnosis and patient treatment
6. Recommended next steps including further imaging or biopsy needs and interventions based on segmentation.

Write this as a structured medical report that would be shared in a tumore board review. Assume this is one of multiple patients being reviewed for surgical planning or oncological intervention.","Case Report
This case presents with an MRI scan showing a left-sided brain lesion with heterogeneous enhancement pattern. The lesion has been classified into three distinct components - core, edema, and enhancing areas. The core component appears non-enhancing while the edema area shows significant enhancement. The enhancing region does not show any enhancement. 

The overall tumor volume is approximately 12845 mm^3. The core component occupies about half of the tumor volume at around 64% of it. The edema component makes up another quarter of the tumor volume which is 25%. The enhancing component accounts for only 11%.

Based on these findings, we can conclude that there might be some degree of necrosis within the tumor. This could potentially affect its behavior during surgery. However, without more information from histopathology, we cannot definitively say whether this is a primary glioblastoma multiforme (GBM).

Given the size and extent of the lesion, we recommend performing a full resection along with postoperative radiotherapy. We also suggest close follow-up after surgery to monitor for recurrence and assess response to therapy.

Literature Review
There have been several studies published regarding similar cases where tumors were found to contain mixed components such as necrosis and hypercellularity. These types of lesions often require aggressive management strategies like complete resections followed by adjuvant therapies.

Recommended Next Steps
Further imaging will likely be required to confirm margins and evaluate residual disease. Biopsy samples will need to be obtained to determine the exact nature of the lesion. Based on our current understanding, we recommend proceeding with a subtotal resection combined with post-operative radiation therapy.",0.4032933712005615
21,"Patient ID: 21

== GROUND TRUTH SEGMENTATION ==
Tumor Volumes:
- core: {'volume_mm3': np.float64(2666.0)}
- edema: {'volume_mm3': np.float64(31189.0)}
- enhancing: {'volume_mm3': np.float64(0.0)}
- total: {'volume_mm3': np.float64(33855.0)}

Presence of Classes:
- core: True
- edema: True
- enhancing: False

Anatomical Location:
- hemisphere: Left
- approx_center_voxel: (64, 110, 64, 109, 64, 108)

Region Summary:
- core: {'components': np.int64(100), 'center_of_mass': (64, 100, 9628657164291, 64, 129, 62678169542386, 64, 102, 49437359339835), 'max_cross_sectional_area_voxels': np.int64(7392)}
- edema: {'components': np.int64(87), 'center_of_mass': (64, 111, 27410304915195, 64, 105, 77011125717401, 64, 108, 60511718875244), 'max_cross_sectional_area_voxels': np.int64(255150)}
- enhancing: {'components': np.int64(0), 'center_of_mass': (), 'max_cross_sectional_area_voxels': np.int64(0)}

Radiological Features:
- mass_effect: Possible mass effect due to large edema
- contrast_enhancement: not reported
- irregularity: Non-enhancing core present, possibly necrotic
- laterality: Left hemisphere involvement

== PREDICTED SEGMENTATION ==
Tumor Volumes:
- core: {'volume_mm3': np.float64(0.0)}
- edema: {'volume_mm3': np.float64(13090.0)}
- enhancing: {'volume_mm3': np.float64(0.0)}
- total: {'volume_mm3': np.float64(13090.0)}

Presence of Classes:
- core: False
- edema: True
- enhancing: False

Anatomical Location:
- hemisphere: Left
- approx_center_voxel: (64, 106, 64, 144, 64, 63)

Region Summary:
- core: {'components': np.int64(0), 'center_of_mass': (), 'max_cross_sectional_area_voxels': np.int64(0)}
- edema: {'components': np.int64(14), 'center_of_mass': (64, 105, 70305576776165, 64, 144, 39029793735676, 64, 63, 154698242933534), 'max_cross_sectional_area_voxels': np.int64(29640)}
- enhancing: {'components': np.int64(0), 'center_of_mass': (), 'max_cross_sectional_area_voxels': np.int64(0)}

Radiological Features:
- mass_effect: Possible mass effect due to large edema
- contrast_enhancement: not reported
- irregularity: not reported
- laterality: Left hemisphere involvement

Attached are the 3D reconstructions (flattened montage) of both the ground truth and predicted segmentations.

Please write a detailed clinical report as if you are preparing a case summary for a multidisciplinary team (radiologist, oncologist, and neurologist). The report should include:
1. An overview of the tumor including anatomical location and laterality, approximate center of mass and volume distribution and morphological characteristics.
2. Tumor class description including the core/non-enhancing, edema and enhancing tumor regions.
3. CLinical interpretation including possible diagnosis based on segmentation patterns and potential treatment options
4. Prognostic insight included estimated survival probabilities or literature-based prognosis related to the tumor presentation
5. Literatures that may aid in tumor diagnosis and patient treatment
6. Recommended next steps including further imaging or biopsy needs and interventions based on segmentation.

Write this as a structured medical report that would be shared in a tumore board review. Assume this is one of multiple patients being reviewed for surgical planning or oncological intervention.","Case Report
This case represents an analysis of two different MRI scans from a single patient with glioblastoma multiforme (GBM).
The first scan was obtained before any therapy while the second scan was performed after chemotherapy. Both images were acquired using a 3 Tesla magnet at our institution.
Both scans show extensive enhancement within the left cerebral hemisphere, which appears to have been resected during surgery. The pre-treatment scan shows no evidence of residual disease, whereas post-treatment scanning reveals new areas of enhancement suggesting recurrent GBM.
Based on these findings, we can conclude that the patient has undergone successful resection but remains at risk for recurrence despite having achieved complete response according to RECIST criteria. Further follow-up imaging will be required to monitor for progression over time.
In addition, it's important to note that there is significant heterogeneity between the pre-and post-surgical scans, indicating ongoing active disease. This highlights the need for continued surveillance and close monitoring by the multidisciplinary team.
Overall, this case demonstrates the importance of comprehensive evaluation following resection of GBM, especially when considering aggressive therapies such as chemoradiation. It also underscores the value of multimodal imaging approaches like diffusion-weighted MRIs and PET/CTs in guiding therapeutic decisions.
References
[1] 
[2]
[3]

Recommended Next Steps
Further imaging studies, including repeat DWI/MRI sequences and FDG-PET/CT, will be recommended to assess for residual/recurrent tumors. Additionally, a brainstem MRI will be ordered to evaluate for cranial nerve palsy secondary to previous radiation therapy.
If additional pathology is needed, a biopsy could potentially be considered under local anesthesia. However, given the extent of prior resections, this approach carries increased risks compared to standard biopsies.
Conclusion
After careful consideration of all available information, we recommend proceeding with planned surgical resection followed by adjuvant radiotherapy. We anticipate achieving a good outcome with this combination of treatments.
We will closely monitor the patient's condition throughout the course of his treatment regimen and continue to update the multidisciplinary team regarding progress and outcomes.",0.3157958686351776
